Name,Position,Appearances,Clean sheets,Goals Conceded,Tackles,Tackle success %,Last man tackles,Blocked shots,Interceptions,Clearances,Headed Clearance,Clearances off line,Recoveries,Duels won,Duels lost,Successful 50/50s,Aerial battles won,Aerial battles lost,Own goals,Errors leading to goal,Assists,Passes,Passes per match,Big Chances Created,Crosses,Cross accuracy %,Through balls,Accurate long balls,Yellow cards,Red cards,Fouls,Offsides,Goals,Headed goals,Goals with right foot,Goals with left foot,Hit woodwork,Goals per match,Penalties scored,Freekicks scored,Shots,Shots on target,Shooting accuracy %,Big chances missed,Saves,Penalties Saved,Punches,High Claims,Catches,Sweeper clearances,Throw outs,Goal Kicks
Max Aarons,Defender,20,1,34,29,66%,0,1,8,21,3,0,75,74,57,14,5,11,0,0,1,451,22.6,1,13,23%,2,20,1,0,12,2,0,0,0,0,0,0,0,0,0,0,0%,0,0,0,0,0,0,0,0,0
Tosin Adarabioyo,Defender,20,6,25,21,52%,0,2,25,80,47,0,43,83,51,1,57,28,0,0,0,1211,60.6,0,1,0%,1,72,2,0,10,0,2,2,0,0,1,0,0,0,0,0,0%,0,0,0,0,0,0,0,0,0
Elijah Adebayo,Forward,27,0,0,4,0%,0,7,6,25,24,0,0,0,0,0,0,0,0,0,0,197,7.3,0,5,0%,0,0,1,0,27,13,10,4,5,1,2,0.4,0,0,31,14,45%,4,0,0,0,0,0,0,0,0
Simon Adingra,Forward,31,0,0,45,0%,0,7,19,22,9,0,0,0,0,0,0,0,0,0,1,747,24.1,6,76,0%,0,0,3,0,29,17,6,1,5,0,1,0.2,0,0,52,22,42%,4,0,0,0,0,0,0,0,0
Nayef Aguerd,Defender,21,2,44,26,54%,0,3,17,80,39,1,102,83,52,3,48,33,0,0,0,1164,55.4,0,5,0%,1,104,1,1,10,0,1,1,0,0,0,0,0,0,0,0,0%,0,0,0,0,0,0,0,0,0
Naouirou Ahamada,Midfielder,20,0,0,13,69%,0,4,2,4,1,0,30,29,37,7,4,3,0,0,0,179,9,0,6,0%,0,8,2,1,9,1,0,0,0,0,0,0,0,0,9,2,22%,0,0,0,0,0,0,0,0,0
Anel Ahmedhodzic,Defender,31,1,89,64,56%,2,4,34,134,42,0,106,139,108,11,51,36,0,1,0,955,30.8,1,6,17%,1,47,9,1,34,2,2,1,1,0,1,0,0,0,0,0,0%,0,0,0,0,0,0,0,0,0
Ola Aina,Defender,22,0,39,47,66%,0,5,18,41,22,0,97,115,66,27,17,12,0,0,1,633,28.8,0,28,25%,2,20,3,0,18,2,1,0,1,0,0,0,0,0,0,0,0%,0,0,0,0,0,0,0,0,0
Rayan Aït-Nouri,Defender,33,0,43,71,62%,0,5,15,31,15,1,136,207,166,62,21,25,0,0,1,1038,31.5,3,41,20%,2,23,7,0,25,8,2,1,1,0,0,0,0,0,0,0,0%,0,0,0,0,0,0,0,0,0
Kristoffer Ajer,Defender,28,2,33,38,55%,0,3,25,78,36,0,60,121,69,10,65,23,0,1,1,722,25.8,5,22,23%,1,31,5,0,25,1,2,1,1,0,0,0,0,0,0,0,0%,0,0,0,0,0,0,0,0,0
Manuel Akanji,Defender,30,11,23,42,67%,1,4,23,61,33,0,142,90,72,2,28,30,0,0,0,2296,76.5,0,9,22%,4,81,2,1,17,0,2,1,0,0,0,0,0,0,0,0,0%,0,0,0,0,0,0,0,0,0
Nathan Aké,Defender,29,5,20,26,62%,0,8,14,52,29,0,119,95,49,5,47,28,0,0,2,1770,61,3,11,9%,1,19,0,0,10,0,2,2,0,0,0,0,0,0,0,0,0%,0,0,0,0,0,0,0,0,0
Ameen Al Dakhil,Defender,13,0,26,12,42%,0,3,12,34,25,0,50,33,46,3,14,23,1,1,0,598,46,0,3,33%,2,20,1,0,6,0,1,0,0,1,0,0,0,0,0,0,0%,0,0,0,0,0,0,0,0,0
Trent Alexander-Arnold,Defender,28,4,28,39,67%,3,14,31,42,15,0,176,84,102,28,8,6,0,2,4,1685,60.2,17,168,33%,22,147,6,0,9,2,3,0,3,0,3,0,0,0,0,0,0%,0,0,0,0,0,0,0,0,0
Alisson Becker,Goalkeeper,28,8,30,0,0%,0,0,0,0,0,0,0,0,0,0,0,0,0,2,0,997,35.6,0,0,0%,0,83,1,0,1,0,0,0,0,0,0,0,0,0,0,0,0%,0,83,0,10,11,4,11,140,116
Miguel Almirón,Midfielder,33,0,0,36,67%,0,9,10,12,6,0,97,87,89,23,6,7,0,0,1,767,23.2,6,24,17%,5,13,2,0,16,10,3,0,0,3,2,0.1,0,0,41,12,29%,4,0,0,0,0,0,0,0,0
Julián Álvarez,Forward,36,0,0,24,0%,0,23,2,13,7,0,0,0,0,0,0,0,0,0,9,1110,30.8,7,137,0%,0,0,2,0,23,2,11,1,8,2,2,0.3,2,1,98,40,41%,10,0,0,0,0,0,0,0,0
Zeki Amdouni,Forward,34,0,0,27,0%,0,10,9,10,7,0,0,0,0,0,0,0,0,0,1,488,14.4,2,8,0%,0,0,2,0,22,2,5,0,3,2,1,0.2,1,0,49,22,45%,6,0,0,0,0,0,0,0,0
Sofyan Amrabat,Midfielder,21,0,0,27,59%,0,1,8,19,9,0,60,48,56,6,5,6,0,1,0,645,30.7,0,7,14%,0,35,6,0,24,0,0,0,0,0,1,0,0,0,3,0,0%,0,0,0,0,0,0,0,0,0
Joachim Andersen,Defender,38,8,58,56,63%,0,5,40,202,109,0,193,181,107,14,90,47,0,1,3,2151,56.6,4,31,32%,6,202,7,0,43,1,2,0,2,0,0,0,0,0,0,0,0%,0,0,0,0,0,0,0,0,0
Elliot Anderson,Midfielder,21,0,0,24,75%,0,5,8,20,11,0,60,83,87,21,19,14,0,0,2,416,19.8,2,19,16%,4,4,3,0,21,1,0,0,0,0,0,0,0,0,19,5,26%,1,0,0,0,0,0,0,0,0
André Gomes,Midfielder,12,0,0,7,57%,0,2,3,3,1,0,34,16,49,3,1,9,0,0,0,259,21.6,0,26,12%,4,18,4,0,17,0,1,0,1,0,0,0.1,0,0,8,4,50%,0,0,0,0,0,0,0,0,0
Andreas Pereira,Midfielder,37,0,0,25,48%,0,12,4,11,3,0,99,84,150,19,14,36,0,0,7,1063,28.7,9,220,30%,14,50,6,0,22,3,3,0,2,1,3,0.1,0,0,52,16,31%,3,0,0,0,0,0,0,0,0
Lorenz Assignon,Defender,15,0,30,35,49%,0,4,19,41,19,0,67,77,93,13,13,17,0,0,2,352,23.5,3,29,17%,0,3,3,1,33,1,1,0,1,0,0,0,0,0,0,0,0%,0,0,0,0,0,0,0,0,0
Sèrge Aurier,Defender,12,0,15,20,70%,1,1,9,32,29,0,50,62,53,3,30,20,0,1,2,391,32.6,1,22,23%,1,9,2,0,8,0,0,0,0,0,0,0,0,0,0,0,0%,0,0,0,0,0,0,0,0,0
Taiwo Awoniyi,Forward,20,0,0,9,0%,0,3,1,9,9,0,0,0,0,0,0,0,0,0,3,172,8.6,2,1,0%,0,0,2,0,9,13,6,1,3,2,0,0.3,0,0,22,11,50%,4,0,0,0,0,0,0,0,0
Jordan Ayew,Forward,35,0,0,65,0%,0,12,16,13,5,0,0,0,0,0,0,0,0,0,7,811,23.2,7,97,0%,0,0,7,1,46,7,4,1,3,0,1,0.1,0,0,48,20,42%,4,0,0,0,0,0,0,0,0
Michail Antonio,Forward,26,0,0,15,0%,0,6,4,4,3,0,0,0,0,0,0,0,0,0,2,268,10.3,1,27,0%,0,0,6,0,25,9,6,2,4,0,0,0.2,0,0,30,14,47%,6,0,0,0,0,0,0,0,0
Antony,Forward,29,0,0,40,0%,0,17,12,8,4,0,0,0,0,0,0,0,0,0,1,561,19.3,7,16,0%,0,0,5,0,19,2,1,0,0,1,1,0,0,0,43,16,37%,4,0,0,0,0,0,0,0,0
Oliver Arblaster,Midfielder,12,0,0,23,61%,0,0,15,8,1,0,52,61,47,17,9,15,0,0,0,428,35.7,1,7,0%,0,21,2,0,10,0,0,0,0,0,0,0,0,0,1,1,100%,0,0,0,0,0,0,0,0,0
Cameron Archer,Forward,30,0,0,18,0%,0,15,1,9,3,0,0,0,0,0,0,0,0,0,1,333,11.1,6,5,0%,0,0,2,0,15,13,4,0,4,0,1,0.1,0,0,42,11,26%,6,0,0,0,0,0,0,0,0
Alphonse Areola,Goalkeeper,31,4,53,0,0%,0,0,0,0,0,0,0,0,0,0,0,0,1,0,0,718,23.2,0,0,0%,0,184,1,0,2,0,0,0,0,0,0,0,0,0,0,0,0%,0,138,2,11,20,4,4,144,219
Benoît Badiashile,Defender,18,3,31,21,71%,0,2,18,65,37,1,82,55,48,0,28,22,1,1,1,1165,64.7,2,2,0%,1,36,3,0,17,1,0,0,0,0,0,0,0,0,0,0,0%,0,0,0,0,0,0,0,0,0
Leon Bailey,Midfielder,35,0,0,13,54%,0,16,9,4,1,0,107,110,156,57,15,24,0,0,9,701,20,12,75,23%,11,27,5,0,26,11,10,0,4,6,2,0.3,0,0,53,18,34%,1,0,0,0,0,0,0,0,0
Benicio Baker-Boaitey,Forward,5,0,0,0,0%,0,1,0,1,1,0,0,0,0,0,0,0,0,0,0,19,3.8,0,0,0%,0,0,1,0,2,1,0,0,0,0,0,0,0,0,1,0,0%,0,0,0,0,0,0,0,0,0
George Baldock,Defender,13,0,21,18,56%,0,0,10,30,16,0,44,51,54,6,15,13,0,0,1,319,24.5,1,18,22%,0,13,4,0,19,1,0,0,0,0,0,0,0,0,0,0,0%,0,0,0,0,0,0,0,0,0
Carlos Baleba,Midfielder,27,0,0,40,50%,0,6,18,27,14,0,95,102,90,11,25,10,0,2,0,773,28.6,1,0,0%,0,18,7,0,40,0,0,0,0,0,0,0,0,0,21,5,24%,0,0,0,0,0,0,0,0,0
Fodé Ballo-Touré,Defender,6,0,1,4,50%,0,0,3,2,0,0,6,9,9,3,0,2,0,0,0,55,9.2,0,4,0%,0,3,1,0,4,0,0,0,0,0,0,0,0,0,0,0,0%,0,0,0,0,0,0,0,0,0
Shandon Baptiste,Midfielder,10,0,0,4,100%,0,0,3,5,3,0,17,13,18,6,3,6,0,0,1,86,8.6,1,3,67%,0,4,1,0,3,0,1,0,1,0,0,0.1,0,0,2,2,100%,0,0,0,0,0,0,0,0,0
Valentín Barco,Defender,6,0,9,11,45%,0,2,4,2,0,0,16,24,23,5,1,7,0,1,0,187,31.2,0,30,10%,2,3,1,0,7,0,0,0,0,0,0,0,0,0,0,0,0%,0,0,0,0,0,0,0,0,0
Ross Barkley,Midfielder,32,0,0,47,40%,0,19,25,48,32,0,201,195,185,66,44,34,0,0,4,1405,43.9,6,45,31%,4,87,6,0,25,0,5,1,2,2,3,0.2,0,0,66,19,29%,1,0,0,0,0,0,0,0,0
Chris Basham,Defender,8,0,6,7,29%,0,0,5,17,9,0,16,20,21,3,8,8,0,0,0,122,15.3,0,4,0%,0,4,1,0,3,2,0,0,0,0,0,0,0,0,0,0,0%,0,0,0,0,0,0,0,0,0
Calvin Bassey,Defender,29,6,42,49,59%,1,1,28,80,37,0,171,101,57,11,30,25,0,1,0,1667,57.5,0,3,0%,0,83,4,1,15,2,1,0,1,0,1,0,0,0,0,0,0%,0,0,0,0,0,0,0,0,0
Amari i Bell,Defender,21,1,41,50,66%,0,0,25,55,20,0,98,96,77,10,21,22,0,1,0,789,37.6,0,13,8%,2,29,0,0,22,0,0,0,0,0,0,0,0,0,0,0,0%,0,0,0,0,0,0,0,0,0
Jean-Ricner Bellegarde,Midfielder,22,0,0,17,59%,0,5,8,13,6,0,41,66,78,17,8,27,0,0,1,281,12.8,1,30,10%,1,5,0,1,10,2,2,0,2,0,0,0.1,0,0,15,5,33%,0,0,0,0,0,0,0,0,0
Anis Ben Slimane,Midfielder,15,0,0,11,55%,0,2,5,7,3,0,35,26,56,2,7,18,0,0,0,136,9.1,0,0,0%,1,2,2,0,7,2,0,0,0,0,0,0,0,0,8,3,38%,2,0,0,0,0,0,0,0,0
Saïd Benrahma,Forward,13,0,0,8,0%,0,4,5,5,2,0,0,0,0,0,0,0,0,0,1,238,18.3,2,17,0%,0,0,1,0,5,1,0,0,0,0,0,0,0,0,19,6,32%,2,0,0,0,0,0,0,0,0
Rodrigo Bentancur,Midfielder,23,0,0,23,65%,0,5,17,16,9,0,54,65,83,11,14,22,0,0,1,787,34.2,0,9,11%,4,20,7,0,20,0,1,0,0,1,1,0,0,0,18,5,28%,1,0,0,0,0,0,0,0,0
Dan Bentley,Goalkeeper,5,1,7,0,0%,0,0,0,0,0,0,0,0,0,0,0,0,0,0,0,135,27,0,0,0%,0,23,0,0,0,0,0,0,0,0,0,0,0,0,0,0,0%,0,8,0,2,0,0,1,9,33
Sander Berge,Midfielder,37,0,0,76,61%,0,8,23,58,37,0,202,179,150,20,65,49,0,2,2,1547,41.8,5,12,8%,7,83,8,1,40,2,1,0,1,0,1,0,0,0,25,3,12%,2,0,0,0,0,0,0,0,0
Bernardo Silva,Midfielder,33,0,0,51,45%,0,8,17,12,3,0,102,117,118,38,2,9,0,0,9,1824,55.3,13,83,20%,2,59,8,0,22,3,6,0,1,5,1,0.2,0,0,34,15,44%,3,0,0,0,0,0,0,0,0
Luke Berry,Midfielder,17,0,0,7,29%,0,2,0,1,1,0,8,23,19,2,7,8,0,0,1,88,5.2,0,8,13%,0,3,1,0,6,0,2,0,1,1,0,0.1,0,0,8,4,50%,0,0,0,0,0,0,0,0,0
Beto,Forward,30,0,0,14,0%,0,4,1,13,11,0,0,0,0,0,0,0,0,0,0,174,5.8,3,5,0%,0,0,2,0,21,10,3,1,1,1,0,0.1,0,0,43,13,30%,8,0,0,0,0,0,0,0,0
Jordan Beyer,Defender,15,2,23,35,57%,1,3,16,68,39,0,57,73,50,4,29,26,0,1,1,855,57,1,0,0%,1,47,6,0,11,0,0,0,0,0,0,0,0,0,0,0,0%,0,0,0,0,0,0,0,0,0
Philip Billing,Midfielder,29,0,0,33,48%,0,8,20,27,16,0,76,93,96,12,36,24,0,1,2,501,17.3,7,29,24%,0,17,3,1,19,0,2,0,0,1,1,0.1,0,0,30,8,27%,1,0,0,0,0,0,0,0,0
Yves Bissouma,Midfielder,28,0,0,80,65%,0,6,37,42,33,0,128,152,111,27,14,15,0,1,0,1834,65.5,0,1,0%,3,42,9,2,35,0,0,0,0,0,0,0,0,0,24,5,21%,1,0,0,0,0,0,0,0,0
Oscar Bobb,Midfielder,14,0,0,7,43%,0,1,5,1,0,0,17,22,17,11,1,2,0,0,1,168,12,2,5,60%,3,0,0,0,2,0,1,0,1,0,0,0.1,0,0,4,2,50%,1,0,0,0,0,0,0,0,0
Jayden Bogle,Defender,34,1,79,66,55%,1,10,32,86,49,0,139,163,154,25,50,28,1,0,0,772,22.7,0,40,25%,1,34,9,0,38,4,3,0,3,0,0,0,0,0,0,0,0%,0,0,0,0,0,0,0,0,0
Willy-Arnaud Boly,Defender,20,2,23,46,63%,0,2,25,86,41,1,86,108,69,3,57,27,0,0,1,611,30.6,4,1,0%,1,31,1,1,20,1,2,2,0,0,0,0,0,0,0,0,0%,0,0,0,0,0,0,0,0,0
Sven Botman,Defender,17,3,29,20,65%,2,2,9,58,24,1,70,56,35,0,34,17,1,2,2,1015,59.7,2,0,0%,0,44,2,0,9,1,2,2,0,0,0,0,0,0,0,0,0%,0,0,0,0,0,0,0,0,0
Jarrod Bowen,Forward,34,0,0,42,0%,0,20,19,12,9,0,0,0,0,0,0,0,0,0,6,622,18.3,12,75,0%,0,0,2,0,28,20,16,5,3,8,5,0.5,0,0,84,37,44%,13,0,0,0,0,0,0,0,0
Conor Bradley,Defender,11,0,7,33,76%,0,4,10,13,6,0,50,69,51,13,11,5,1,0,3,437,39.7,2,18,22%,3,15,2,0,8,2,1,0,1,0,0,0,0,0,0,0,0%,0,0,0,0,0,0,0,0,0
Jarrad Branthwaite,Defender,35,12,44,66,48%,2,3,50,157,82,0,181,184,88,5,95,45,0,0,0,1371,39.2,1,1,100%,0,73,8,0,25,5,3,1,0,2,0,0,0,0,0,0,0%,0,0,0,0,0,0,0,0,0
Ben Brereton,Forward,14,0,0,9,0%,0,9,3,11,4,0,0,0,0,0,0,0,0,0,1,253,18.1,3,9,0%,0,0,3,0,11,11,6,1,5,0,1,0.4,1,0,35,19,54%,5,0,0,0,0,0,0,0,0
Rhian Brewster,Forward,13,0,0,5,0%,0,1,1,2,2,0,0,0,0,0,0,0,0,0,0,73,5.6,0,3,0%,0,0,0,1,5,1,0,0,0,0,0,0,0,0,7,3,43%,0,0,0,0,0,0,0,0,0
Armando Broja,Forward,21,0,0,3,0%,0,4,0,3,3,0,0,0,0,0,0,0,0,0,1,119,5.7,1,2,0%,0,0,0,0,9,6,1,0,1,0,1,0.1,0,0,13,2,15%,2,0,0,0,0,0,0,0,0
David Brooks,Midfielder,13,0,0,5,80%,0,1,2,2,1,0,17,11,21,4,1,7,0,0,1,112,8.6,2,15,27%,1,6,1,0,6,1,1,0,0,1,1,0.1,0,0,13,5,38%,3,0,0,0,0,0,0,0,0
Jacob Brown,Forward,19,0,0,19,0%,0,10,8,17,12,0,0,0,0,0,0,0,0,0,0,229,12.1,1,10,0%,0,0,4,0,19,6,2,0,1,1,2,0.1,0,0,26,7,27%,3,0,0,0,0,0,0,0,0
Josh Brownhill,Midfielder,33,0,0,61,57%,0,5,34,40,21,0,124,126,101,7,36,33,0,0,2,1028,31.2,0,57,23%,4,44,4,1,38,2,4,0,1,3,0,0.1,0,0,28,11,39%,1,0,0,0,0,0,0,0,0
Bruno Fernandes,Midfielder,35,0,0,68,56%,0,27,27,47,24,0,200,136,180,19,21,27,0,0,8,1911,54.6,21,223,23%,30,152,9,0,41,13,10,1,7,2,3,0.3,4,0,95,41,43%,7,0,0,0,0,0,0,0,0
Bruno Guimarães,Midfielder,37,0,0,88,60%,0,16,35,19,8,0,237,286,218,72,18,24,0,0,8,2264,61.2,12,32,38%,26,129,9,0,50,0,7,1,5,1,1,0.2,0,0,48,16,33%,2,0,0,0,0,0,0,0,0
Jacob Bruun Larsen,Forward,32,0,0,9,0%,0,15,7,21,7,0,0,0,0,0,0,0,0,0,0,457,14.3,1,62,0%,0,0,1,0,13,11,6,0,4,2,0,0.2,1,0,44,16,36%,4,0,0,0,0,0,0,0,0
Santiago Bueno,Defender,12,0,18,13,54%,0,0,6,33,19,0,30,34,44,1,16,26,0,0,0,476,39.7,0,2,0%,0,14,1,0,10,0,0,0,0,0,0,0,0,0,0,0,0%,0,0,0,0,0,0,0,0,0
Facundo Buonanotte,Midfielder,27,0,0,42,52%,0,7,8,5,2,0,66,107,139,18,6,16,0,0,1,469,17.4,3,6,17%,1,5,7,0,34,3,3,0,0,3,1,0.1,0,0,21,9,43%,2,0,0,0,0,0,0,0,0
Reece Burke,Defender,22,1,37,37,62%,1,6,18,73,28,2,62,99,72,4,46,33,0,1,4,680,30.9,3,13,31%,0,34,5,0,20,1,0,0,0,0,0,0,0,0,0,0,0%,0,0,0,0,0,0,0,0,0
Dan Burn,Defender,33,7,45,61,54%,0,6,37,119,59,3,124,177,126,4,103,49,0,0,2,1500,45.5,3,11,36%,1,25,4,0,32,4,2,1,0,1,0,0,0,0,0,0,0%,0,0,0,0,0,0,0,0,0
Tom Cairney,Midfielder,34,0,0,24,67%,0,3,13,6,1,0,105,87,61,26,14,6,0,0,4,1241,36.5,5,25,20%,2,41,3,0,16,0,1,0,0,1,1,0,0,0,17,8,47%,0,0,0,0,0,0,0,0,0
Dominic Calvert-Lewin,Forward,32,0,0,13,0%,0,8,4,38,30,0,0,0,0,0,0,0,0,0,2,434,13.6,4,3,0%,0,0,2,0,31,24,7,1,5,1,3,0.2,2,0,73,31,42%,16,0,0,0,0,0,0,0,0
Carlos Vinícius,Forward,13,0,0,3,0%,0,0,0,1,1,0,0,0,0,0,0,0,0,0,0,61,4.7,1,1,0%,0,0,2,0,4,6,2,0,0,2,0,0.2,0,0,9,5,56%,0,0,0,0,0,0,0,0,0
Cesare Casadei,Midfielder,11,0,0,5,60%,0,0,0,4,1,0,1,20,11,2,12,5,0,0,0,65,5.9,0,0,0%,0,2,0,0,4,0,0,0,0,0,0,0,0,0,0,0,0%,0,0,0,0,0,0,0,0,0
Casemiro,Midfielder,25,0,0,83,67%,0,11,18,66,43,0,133,144,132,9,42,23,0,1,2,1406,56.2,2,13,23%,4,79,7,0,30,6,1,0,1,0,0,0,0,0,39,9,23%,4,0,0,0,0,0,0,0,0
Matty Cash,Defender,29,2,36,54,57%,0,10,18,52,28,1,110,103,114,12,15,21,1,0,2,1028,35.5,6,39,23%,0,31,8,0,30,0,2,0,2,0,0,0,0,0,0,0,0%,0,0,0,0,0,0,0,0,0
Timothy Castagne,Defender,34,8,40,49,49%,0,4,38,57,24,0,119,111,92,17,35,34,0,0,3,1350,39.7,1,50,20%,2,51,3,0,22,3,1,0,1,0,1,0,0,0,0,0,0%,0,0,0,0,0,0,0,0,0
Trevoh Chalobah,Defender,13,2,14,16,75%,0,0,8,49,25,0,46,39,34,1,19,23,0,0,0,760,58.5,0,0,0%,1,24,1,0,3,0,1,1,0,0,0,0,0,0,0,0,0%,0,0,0,0,0,0,0,0,0
Calum Chambers,Defender,5,0,6,3,0%,0,0,2,4,1,0,8,6,6,1,1,1,0,0,1,113,22.6,0,0,0%,0,4,1,0,3,0,0,0,0,0,0,0,0,0,0,0,0%,0,0,0,0,0,0,0,0,0
Ben Chilwell,Defender,13,0,14,15,67%,0,4,4,17,6,0,33,46,41,7,12,15,0,0,1,405,31.2,3,43,21%,0,5,5,0,11,4,0,0,0,0,0,0,0,0,0,0,0%,0,0,0,0,0,0,0,0,0
Tawanda Chirewa,Midfielder,8,0,0,7,43%,0,1,1,0,0,0,3,11,13,1,1,3,0,0,0,53,6.6,0,4,50%,0,1,1,0,4,1,0,0,0,0,0,0,0,0,3,1,33%,0,0,0,0,0,0,0,0,0
Tahith Chong,Midfielder,33,0,0,36,61%,0,16,8,10,4,0,104,133,130,25,9,22,0,0,0,499,15.1,0,35,23%,5,15,4,0,21,4,4,1,0,3,0,0.1,0,0,31,7,23%,1,0,0,0,0,0,0,0,0
Ryan Christie,Midfielder,37,0,0,86,51%,0,14,52,50,27,0,231,196,225,51,22,38,0,0,5,1220,33,10,73,26%,17,88,6,0,48,5,0,0,0,0,0,0,0,0,43,13,30%,0,0,0,0,0,0,0,0,0
Carney Chukwuemeka,Midfielder,9,0,0,6,67%,0,1,0,1,0,0,11,11,22,2,1,3,0,0,1,133,14.8,0,1,0%,2,1,2,0,3,0,1,0,1,0,0,0.1,0,0,3,2,67%,0,0,0,0,0,0,0,0,0
Bobby Clark,Midfielder,5,0,0,2,50%,0,1,1,1,1,0,6,5,16,0,0,1,0,0,0,49,9.8,0,0,0%,0,1,0,0,4,0,0,0,0,0,0,0,0,0,2,0,0%,0,0,0,0,0,0,0,0,0
Nathaniel Clyne,Defender,19,3,16,24,63%,0,1,10,28,10,1,50,48,27,8,13,8,0,0,0,533,28.1,0,9,22%,0,26,0,0,6,0,0,0,0,0,1,0,0,0,0,0,0%,0,0,0,0,0,0,0,0,0
Séamus Coleman,Defender,12,3,10,17,82%,0,0,7,24,10,1,39,29,25,6,1,4,1,1,0,220,18.3,1,13,15%,0,11,0,0,6,0,0,0,0,0,0,0,0,0,0,0,0%,0,0,0,0,0,0,0,0,0
Nathan Collins,Defender,32,7,51,38,53%,1,2,44,129,70,0,136,145,72,11,73,35,0,4,1,1468,45.9,5,4,25%,2,69,3,0,12,3,1,1,0,0,0,0,0,0,0,0,0%,0,0,0,0,0,0,0,0,0
Levi Colwill,Defender,23,4,26,48,63%,1,3,26,64,37,0,96,114,61,9,44,20,0,0,1,1053,45.8,3,12,0%,4,43,2,0,25,4,1,1,0,0,0,0,0,0,0,0,0%,0,0,0,0,0,0,0,0,0
Lewis Cook,Midfielder,33,0,0,61,67%,0,3,65,43,18,0,228,140,129,21,42,31,0,1,3,1343,40.7,3,132,26%,2,51,5,1,39,2,0,0,0,0,0,0,0,0,12,4,33%,0,0,0,0,0,0,0,0,0
Maxwel Cornet,Forward,7,0,0,3,0%,0,1,2,1,0,0,0,0,0,0,0,0,0,0,0,48,6.9,0,1,0%,0,0,0,0,2,3,1,0,0,1,0,0.1,0,0,4,1,25%,0,0,0,0,0,0,0,0,0
Vladimír Coufal,Defender,36,3,69,64,64%,0,2,43,83,48,0,154,142,137,12,40,37,0,0,7,1229,34.1,6,106,24%,2,39,5,1,32,1,0,0,0,0,1,0,0,0,0,0,0%,0,0,0,0,0,0,0,0,0
Aaron Cresswell,Defender,11,0,11,3,67%,0,0,3,7,3,0,18,12,7,0,6,3,0,0,0,247,22.5,1,11,36%,0,14,1,0,2,1,0,0,0,0,0,0,0,0,0,0,0%,0,0,0,0,0,0,0,0,0
Marc Cucurella,Defender,21,4,33,62,61%,0,2,22,33,16,0,96,123,83,4,25,17,1,0,2,1057,50.3,1,16,31%,1,15,10,0,23,1,0,0,0,0,0,0,0,0,0,0,0%,0,0,0,0,0,0,0,0,0
Josh Cullen,Midfielder,25,0,0,42,69%,0,7,15,24,7,0,141,113,82,3,21,24,0,0,3,1341,53.6,3,26,38%,5,35,9,0,24,0,2,0,1,1,0,0.1,0,0,16,5,31%,0,0,0,0,0,0,0,0,0
Mahmoud Dahoud,Midfielder,9,0,0,9,44%,0,2,1,4,1,0,26,13,25,2,0,5,0,0,1,325,36.1,2,3,33%,1,10,1,1,6,0,0,0,0,0,0,0,0,0,6,1,17%,0,0,0,0,0,0,0,0,0
Mikkel Damsgaard,Midfielder,23,0,0,29,59%,0,3,11,10,5,0,57,58,70,9,12,11,0,0,2,394,17.1,5,29,10%,10,23,2,0,14,3,0,0,0,0,0,0,0,0,9,4,44%,1,0,0,0,0,0,0,0,0
Danilo,Midfielder,29,0,0,36,50%,0,7,35,41,10,0,118,76,69,17,15,10,0,0,2,725,25,2,26,15%,4,45,4,0,13,2,2,0,1,1,0,0.1,0,0,23,7,30%,1,0,0,0,0,0,0,0,0
Arnaut Danjuma,Forward,14,0,0,6,0%,0,8,3,0,0,0,0,0,0,0,0,0,0,0,0,140,10,1,10,0%,0,0,0,0,7,3,1,0,0,1,2,0.1,0,0,25,9,36%,5,0,0,0,0,0,0,0,0
Tom Davies,Midfielder,9,0,0,10,50%,0,2,3,5,2,0,21,17,24,2,3,3,0,1,0,92,10.2,0,4,0%,1,2,2,0,7,0,0,0,0,0,0,0,0,0,4,1,25%,0,0,0,0,0,0,0,0,0
Craig Dawson,Defender,25,5,38,30,67%,0,3,16,119,65,2,100,111,66,3,63,32,0,0,1,1272,50.9,2,1,0%,2,100,7,0,20,4,1,0,1,0,0,0,0,0,0,0,0%,0,0,0,0,0,0,0,0,0
Kevin De Bruyne,Midfielder,18,0,0,14,64%,0,14,4,4,3,0,54,43,70,10,6,5,0,0,10,804,44.7,21,136,26%,11,22,2,0,11,1,4,1,2,1,0,0.2,0,0,44,17,39%,1,0,0,0,0,0,0,0,0
Bobby De Cordova-Reid,Forward,33,0,0,22,0%,0,7,5,12,8,0,0,0,0,0,0,0,0,0,2,442,13.4,3,35,0%,0,0,4,0,16,4,6,1,4,1,1,0.2,0,0,33,8,24%,3,0,0,0,0,0,0,0,0
Hannes Delcroix,Defender,12,0,25,10,60%,1,0,9,23,7,0,29,21,21,3,8,10,0,0,0,318,26.5,0,5,40%,0,12,2,0,6,0,0,0,0,0,0,0,0,0,0,0,0%,0,0,0,0,0,0,0,0,0
Leander Dendoncker,Midfielder,8,0,0,6,67%,0,1,2,3,2,0,4,11,8,0,4,5,0,0,0,56,7,0,0,0%,0,3,0,0,1,0,1,0,1,0,0,0.1,0,0,2,1,50%,0,0,0,0,0,0,0,0,0
Moussa Diaby,Forward,38,0,0,12,0%,0,15,9,5,2,0,0,0,0,0,0,0,0,0,8,569,15,13,45,0%,0,0,1,0,16,6,6,0,3,3,1,0.2,0,0,54,23,43%,7,0,0,0,0,0,0,0,0
Amad Diallo,Forward,9,0,0,10,0%,0,3,1,6,3,0,0,0,0,0,0,0,0,0,1,167,18.6,1,1,0%,0,0,1,0,5,0,1,0,0,1,0,0.1,0,0,10,4,40%,0,0,0,0,0,0,0,0,0
Luis Díaz,Forward,37,0,0,35,0%,0,29,3,7,2,0,0,0,0,0,0,0,0,0,5,1019,27.5,5,26,0%,0,0,3,0,54,20,8,1,4,2,3,0.2,0,0,94,32,34%,13,0,0,0,0,0,0,0,0
Diego Carlos,Defender,27,5,36,27,59%,2,2,13,78,35,1,78,54,66,2,22,28,0,1,0,1339,49.6,0,1,0%,0,66,4,0,26,1,0,0,0,0,0,0,0,0,0,0,0%,0,0,0,0,0,0,0,0,0
Lucas Digne,Defender,33,3,41,47,40%,0,7,26,61,40,0,101,129,101,10,42,25,0,0,3,1013,30.7,5,154,23%,0,21,7,0,29,3,1,1,0,0,0,0,0,0,0,0,0%,0,0,0,0,0,0,0,0,0
Diogo Dalot,Defender,36,7,55,81,63%,0,10,37,96,46,3,195,158,120,31,32,26,0,0,3,1492,41.4,5,80,30%,1,77,4,1,45,2,2,0,2,0,2,0,0,0,0,0,0%,0,0,0,0,0,0,0,0,0
Diogo Jota,Forward,21,0,0,23,0%,0,11,7,4,3,0,0,0,0,0,0,0,0,0,3,384,18.3,4,9,0%,0,0,1,1,27,3,10,1,5,4,0,0.5,0,0,41,20,49%,3,0,0,0,0,0,0,0,0
Issa Diop,Defender,18,4,25,30,53%,1,1,17,80,35,3,65,60,43,1,25,17,0,1,0,1076,59.8,0,0,0%,1,37,2,1,17,0,0,0,0,0,0,0,0,0,0,0,0%,0,0,0,0,0,0,0,0,0
Axel Disasi,Defender,31,5,50,33,58%,1,1,18,97,51,0,150,134,71,12,73,33,1,0,0,2198,70.9,0,10,10%,3,45,6,0,17,4,2,1,1,0,0,0,0,0,0,0,0%,0,0,0,0,0,0,0,0,0
Lewis Dobbin,Forward,12,0,0,9,0%,0,0,1,0,0,0,0,0,0,0,0,0,0,0,0,54,4.5,1,7,0%,0,0,1,0,3,0,1,0,0,1,0,0.1,0,0,5,2,40%,1,0,0,0,0,0,0,0,0
Matt Doherty,Defender,30,1,21,31,58%,1,1,7,37,29,0,65,86,68,6,38,34,0,0,0,564,18.8,3,13,8%,0,29,2,0,13,5,1,0,1,0,1,0,0,0,0,0,0%,0,0,0,0,0,0,0,0,0
Jérémy Doku,Forward,29,0,0,39,0%,0,22,9,2,1,0,0,0,0,0,0,0,0,0,8,786,27.1,5,61,0%,0,0,3,0,15,5,3,0,3,0,2,0.1,0,0,55,19,35%,1,0,0,0,0,0,0,0,0
Nicolás Domínguez,Midfielder,26,0,0,63,54%,0,8,18,23,11,0,108,107,85,7,21,19,0,0,2,829,31.9,2,6,33%,2,27,4,0,26,2,2,1,1,0,0,0.1,0,0,22,6,27%,1,0,0,0,0,0,0,0,0
Cheick Doucouré,Midfielder,11,0,0,34,50%,0,2,20,9,3,0,74,50,42,10,5,9,0,0,0,421,38.3,1,1,0%,5,8,2,0,10,0,0,0,0,0,0,0,0,0,6,2,33%,0,0,0,0,0,0,0,0,0
Alfie Doughty,Midfielder,37,0,0,62,63%,0,13,31,36,13,0,185,127,124,33,23,12,0,1,8,1088,29.4,10,340,26%,0,66,5,0,31,13,2,0,0,2,0,0.1,0,1,26,8,31%,2,0,0,0,0,0,0,0,0
Douglas Luiz,Midfielder,35,0,0,58,66%,0,20,23,17,5,0,184,148,141,24,25,19,0,1,5,1973,56.4,10,115,27%,11,99,12,0,51,0,9,1,8,0,1,0.3,4,0,48,17,35%,3,0,0,0,0,0,0,0,0
Tommy Doyle,Midfielder,26,0,0,26,50%,0,2,12,17,9,0,93,31,31,1,0,4,0,0,0,911,35,1,28,21%,2,75,2,0,11,0,0,0,0,0,0,0,0,0,14,3,21%,0,0,0,0,0,0,0,0,0
Radu Dragusin,Defender,9,1,7,5,60%,0,0,8,18,11,0,21,19,14,1,9,6,0,0,0,369,41,0,0,0%,1,6,1,0,6,1,0,0,0,0,0,0,0,0,0,0,0%,0,0,0,0,0,0,0,0,0
Martin Dúbravka,Goalkeeper,23,4,42,0,0%,0,0,0,0,0,0,0,0,0,0,0,0,0,1,0,506,22,0,0,0%,0,71,1,0,2,0,0,0,0,0,0,0,0,0,0,0,0%,0,88,1,8,18,7,8,143,169
Paul Dummett,Defender,5,0,1,1,0%,0,0,0,1,1,0,0,2,1,0,1,0,0,0,0,22,4.4,0,0,0%,0,0,0,0,1,0,0,0,0,0,0,0,0,0,0,0,0%,0,0,0,0,0,0,0,0,0
Lewis Dunk,Defender,33,5,52,27,52%,0,10,31,88,46,3,180,101,81,5,57,33,0,1,1,3212,97.3,1,7,14%,2,149,7,1,23,1,3,2,1,0,1,0,0,0,0,0,0%,0,0,0,0,0,0,0,0,0
Jhon Durán,Forward,23,0,0,6,0%,0,3,1,9,6,0,0,0,0,0,0,0,0,0,0,114,5,0,6,0%,0,0,5,0,12,4,5,0,0,5,1,0.2,0,0,20,7,35%,1,0,0,0,0,0,0,0,0
Ederson,Goalkeeper,33,10,27,0,0%,0,0,0,0,0,0,0,0,0,0,0,0,0,0,0,1097,33.2,0,0,0%,0,185,5,0,2,0,0,0,0,0,0,0,0,0,0,0,0%,0,57,0,6,22,0,27,137,114
Odsonne Édouard,Forward,30,0,0,24,0%,0,18,6,18,14,0,0,0,0,0,0,0,0,0,0,338,11.3,1,10,0%,0,0,4,0,31,9,7,0,4,3,3,0.2,0,0,51,19,37%,6,0,0,0,0,0,0,0,0
John Egan,Defender,6,0,17,6,67%,0,1,13,39,10,0,21,21,21,0,14,9,0,0,0,183,30.5,0,0,0%,0,5,2,0,6,0,0,0,0,0,0,0,0,0,0,0,0%,0,0,0,0,0,0,0,0,0
Hjalmar Ekdal,Defender,8,0,8,4,50%,0,0,6,21,8,0,26,12,21,2,4,9,0,0,0,217,27.1,0,0,0%,0,6,2,0,8,0,0,0,0,0,0,0,0,0,0,0,0%,0,0,0,0,0,0,0,0,0
Anthony Elanga,Forward,36,0,0,33,0%,0,11,8,16,9,0,0,0,0,0,0,0,0,0,9,644,17.9,14,58,0%,0,0,1,0,9,19,5,1,3,1,3,0.1,0,0,54,23,43%,10,0,0,0,0,0,0,0,0
Harvey Elliott,Midfielder,34,0,0,27,63%,0,19,6,6,2,0,78,58,59,9,9,13,0,0,6,904,26.6,5,62,35%,3,40,2,0,7,1,3,0,0,3,3,0.1,0,0,49,17,35%,1,0,0,0,0,0,0,0,0
Emerson,Defender,36,5,67,106,64%,1,5,43,88,45,2,142,188,137,24,25,23,1,0,2,1434,39.8,2,49,20%,2,42,10,0,32,1,1,0,0,1,1,0,0,0,0,0,0%,0,0,0,0,0,0,0,0,0
Emerson Royal,Defender,22,0,31,36,67%,0,1,20,45,24,0,82,99,75,10,16,22,0,0,0,948,43.1,1,14,14%,1,19,4,0,14,0,1,0,1,0,0,0,0,0,0,0,0%,0,0,0,0,0,0,0,0,0
Emiliano Martínez,Goalkeeper,34,8,48,0,0%,0,0,0,0,0,0,0,0,0,0,0,0,2,2,0,1272,37.4,0,0,0%,0,163,4,0,1,0,0,0,0,0,0,0,0,0,0,0,0%,0,95,0,4,42,3,37,157,159
Julio Enciso,Forward,12,0,0,6,0%,0,6,0,3,2,0,0,0,0,0,0,0,0,0,2,167,13.9,4,8,0%,0,0,2,0,6,1,0,0,0,0,0,0,0,0,28,8,29%,2,0,0,0,0,0,0,0,0
Wataru Endo,Midfielder,29,0,0,48,58%,0,4,20,30,25,0,108,114,145,10,31,27,0,0,0,1305,45,2,4,50%,5,28,10,0,50,0,1,0,1,0,1,0,0,0,10,3,30%,0,0,0,0,0,0,0,0,0
Christian Eriksen,Midfielder,22,0,0,18,72%,0,5,4,12,8,0,86,25,52,3,2,7,0,0,2,754,34.3,3,43,26%,5,33,1,0,7,1,1,0,1,0,0,0.1,0,0,13,4,31%,0,0,0,0,0,0,0,0,0
Maxime Estève,Defender,16,0,28,27,37%,1,2,27,55,25,0,62,70,64,1,27,25,0,0,0,810,50.6,0,5,20%,1,24,6,0,25,0,0,0,0,0,0,0,0,0,0,0,0%,0,0,0,0,0,0,0,0,0
Pervis Estupiñán,Defender,19,1,26,26,50%,0,2,21,20,13,0,90,64,67,9,12,14,1,0,3,820,43.2,4,65,23%,1,13,4,0,22,5,2,0,0,2,0,0,0,0,0,0,0%,0,0,0,0,0,0,0,0,0
Jonny Evans,Defender,23,2,24,22,64%,0,0,23,74,32,1,70,75,49,4,36,18,0,0,1,826,35.9,1,0,0%,1,17,2,0,17,0,0,0,0,0,0,0,0,0,0,0,0%,0,0,0,0,0,0,0,0,0
Eberechi Eze,Midfielder,27,0,0,35,49%,0,28,11,4,3,0,136,164,176,69,12,24,0,0,4,790,29.3,7,107,33%,7,27,3,0,27,11,11,0,9,2,0,0.4,1,1,83,34,41%,4,0,0,0,0,0,0,0,0
Lukasz Fabianski,Goalkeeper,10,1,21,0,0%,0,0,0,0,0,0,0,0,0,0,0,0,0,0,0,194,19.4,0,0,0%,0,57,0,0,0,0,0,0,0,0,0,0,0,0,0,0,0%,0,33,0,5,8,1,0,44,56
Fábio Silva,Forward,8,0,0,7,0%,0,1,2,0,0,0,0,0,0,0,0,0,0,0,0,75,9.4,0,0,0%,0,0,2,0,8,5,0,0,0,0,0,0,0,0,7,3,43%,2,0,0,0,0,0,0,0,0
Fábio Vieira,Midfielder,11,0,0,3,67%,0,1,2,1,0,0,16,16,18,2,1,0,0,0,2,134,12.2,2,15,20%,3,4,0,1,8,2,1,0,0,1,0,0.1,1,0,7,2,29%,0,0,0,0,0,0,0,0,0
Romain Faivre,Midfielder,5,0,0,1,100%,0,1,0,0,0,0,1,7,10,2,0,1,0,0,0,23,4.6,0,3,0%,0,0,1,0,2,0,0,0,0,0,0,0,0,0,2,0,0%,0,0,0,0,0,0,0,0,0
Ansu Fati,Forward,19,0,0,5,0%,0,12,3,3,1,0,0,0,0,0,0,0,0,0,0,204,10.7,1,3,0%,0,0,2,0,6,2,2,0,1,1,0,0.1,0,0,26,11,42%,4,0,0,0,0,0,0,0,0
Felipe,Defender,7,1,10,12,75%,0,2,4,11,6,0,20,29,21,1,14,6,0,0,0,213,30.4,0,0,0%,0,13,4,0,10,0,0,0,0,0,1,0,0,0,0,0,0%,0,0,0,0,0,0,0,0,0
Evan Ferguson,Forward,27,0,0,14,0%,0,4,2,8,5,0,0,0,0,0,0,0,0,0,0,300,11.1,1,1,0%,0,0,1,0,24,5,6,0,4,2,2,0.2,0,0,33,20,61%,4,0,0,0,0,0,0,0,0
Enzo Fernández,Midfielder,28,0,0,50,44%,0,12,17,26,9,0,122,125,135,23,21,23,0,0,2,1795,64.1,5,45,20%,21,129,7,0,33,4,3,1,2,0,3,0.1,1,0,47,16,34%,6,0,0,0,0,0,0,0,0
Mark Flekken,Goalkeeper,37,7,63,0,0%,0,0,0,0,0,0,0,0,0,0,0,0,0,1,1,1446,39.1,0,0,0%,0,321,3,0,2,0,0,0,0,0,0,0,0,0,0,0,0%,0,115,0,23,40,1,17,131,289
Phil Foden,Midfielder,35,0,0,31,65%,0,41,13,16,7,0,127,144,143,47,6,17,0,0,8,1670,47.7,10,89,21%,15,42,2,0,14,5,19,1,1,17,1,0.5,0,2,105,48,46%,7,0,0,0,0,0,0,0,0
Wes Foderingham,Goalkeeper,30,1,79,0,0%,0,0,0,0,0,0,0,0,0,0,0,0,1,5,0,943,31.4,0,0,0%,0,228,2,0,1,0,0,0,0,0,0,0,0,0,0,0,0%,0,133,0,11,26,5,28,101,262
David Datro Fofana,Forward,15,0,0,10,0%,0,2,1,2,2,0,0,0,0,0,0,0,0,0,1,168,11.2,3,3,0%,0,0,1,0,17,9,4,1,3,0,0,0.3,0,0,19,10,53%,5,0,0,0,0,0,0,0,0
Pablo Fornals,Midfielder,15,0,0,10,60%,0,0,6,5,0,0,26,24,33,6,3,7,0,0,0,200,13.3,1,8,13%,0,11,0,0,3,1,0,0,0,0,0,0,0,0,7,3,43%,0,0,0,0,0,0,0,0,0
Lyle Foster,Forward,24,0,0,19,0%,0,4,3,33,21,0,0,0,0,0,0,0,0,0,3,452,18.8,1,3,0%,0,0,0,1,24,14,5,0,3,2,0,0.2,0,0,34,17,50%,6,0,0,0,0,0,0,0,0
Gabriel Jesus,Forward,27,0,0,24,0%,0,16,13,11,9,0,0,0,0,0,0,0,0,0,5,490,18.2,6,9,0%,0,0,6,0,26,16,4,2,1,1,2,0.2,0,0,55,19,35%,7,0,0,0,0,0,0,0,0
Gabriel Magalhães,Defender,36,15,26,48,58%,2,6,31,97,59,1,136,161,106,2,79,64,1,0,0,2144,59.6,2,4,25%,2,69,4,0,35,1,4,4,0,0,0,0,0,0,0,0,0%,0,0,0,0,0,0,0,0,0
Gabriel Martinelli,Forward,35,0,0,30,80%,0,19,5,7,2,0,95,109,169,40,17,26,0,0,4,807,23.1,7,109,26%,3,24,1,0,23,9,6,0,5,1,1,0.2,0,0,58,22,38%,5,0,0,0,0,0,0,0,0
Cody Gakpo,Forward,35,0,0,27,0%,0,17,14,7,5,0,0,0,0,0,0,0,0,0,5,535,15.3,5,21,0%,0,0,1,0,28,8,8,3,3,2,0,0.2,0,0,66,24,36%,6,0,0,0,0,0,0,0,0
Conor Gallagher,Midfielder,37,0,0,85,61%,0,12,43,30,15,0,221,212,210,38,25,28,0,0,7,1930,52.2,11,64,28%,5,54,7,1,83,1,5,0,4,1,3,0.1,0,0,48,18,38%,5,0,0,0,0,0,0,0,0
Alejandro Garnacho,Forward,36,0,0,22,0%,0,40,18,12,3,0,0,0,0,0,0,0,0,0,4,834,23.2,6,58,0%,0,0,4,0,20,15,7,1,3,3,0,0.2,0,0,100,28,28%,7,0,0,0,0,0,0,0,0
James Garner,Midfielder,37,0,0,83,53%,0,10,45,45,15,0,172,169,134,19,25,24,0,1,2,1111,30,7,112,22%,4,46,7,0,39,3,1,0,1,0,4,0,0,0,41,11,27%,1,0,0,0,0,0,0,0,0
Saman Ghoddos,Forward,19,0,0,28,0%,0,1,5,9,2,0,0,0,0,0,0,0,0,0,0,368,19.4,1,42,0%,0,0,5,0,13,2,1,0,1,0,0,0.1,0,0,9,2,22%,0,0,0,0,0,0,0,0,0
Morgan Gibbs-White,Midfielder,37,0,0,36,67%,0,25,17,18,10,0,179,197,222,44,61,70,0,0,10,1282,34.7,16,182,30%,17,72,9,0,37,6,5,1,4,0,2,0.1,1,0,71,15,21%,5,0,0,0,0,0,0,0,0
Bryan Gil,Forward,11,0,0,1,0%,0,0,3,4,1,0,0,0,0,0,0,0,0,0,0,144,13.1,0,11,0%,0,0,0,0,2,1,0,0,0,0,1,0,0,0,4,1,25%,1,0,0,0,0,0,0,0,0
Alfie Gilchrist,Defender,11,0,6,4,0%,0,1,3,9,5,0,9,7,13,1,2,4,0,0,0,123,11.2,0,1,0%,0,1,1,0,4,0,1,0,1,0,0,0,0,0,0,0,0%,0,0,0,0,0,0,0,0,0
Ryan Giles,Defender,11,0,14,8,75%,0,0,4,20,7,0,21,17,11,4,3,0,0,0,0,128,11.6,0,49,24%,0,2,0,0,2,0,0,0,0,0,0,0,0,0,0,0,0%,0,0,0,0,0,0,0,0,0
Billy Gilmour,Midfielder,30,0,0,26,62%,0,11,11,14,6,0,132,75,88,8,11,21,0,0,1,2065,68.8,3,34,32%,9,64,8,1,22,0,0,0,0,0,0,0,0,0,25,5,20%,0,0,0,0,0,0,0,0,0
Ben Godfrey,Defender,15,4,13,30,67%,2,5,16,51,26,0,45,66,60,5,26,25,0,0,0,342,22.8,0,21,19%,0,10,2,0,8,2,0,0,0,0,0,0,0,0,0,0,0%,0,0,0,0,0,0,0,0,0
Joe Gomez,Defender,32,5,19,47,66%,0,5,19,45,26,0,111,109,94,15,31,11,0,0,1,1149,35.9,2,39,18%,3,48,5,0,28,0,0,0,0,0,0,0,0,0,0,0,0%,0,0,0,0,0,0,0,0,0
Ryan Gravenberch,Midfielder,26,0,0,26,46%,0,7,14,11,3,0,74,74,85,23,10,14,0,0,0,493,19,1,4,0%,4,6,0,0,20,0,1,0,1,0,1,0,0,0,23,8,35%,1,0,0,0,0,0,0,0,0
Ivo Grbic,Goalkeeper,9,0,25,0,0%,0,0,0,0,0,0,0,0,0,0,0,0,0,1,0,271,30.1,0,0,0%,0,68,1,0,0,0,0,0,0,0,0,0,0,0,0,0,0%,0,37,0,5,8,1,7,25,89
Jack Grealish,Midfielder,20,0,0,13,62%,0,12,6,4,3,0,42,75,48,18,4,4,0,0,1,552,27.6,3,16,25%,3,12,7,0,6,2,3,0,2,1,0,0.2,0,0,22,5,23%,0,0,0,0,0,0,0,0,0
Pascal Groß,Midfielder,36,0,0,70,66%,0,20,22,27,8,0,144,127,121,16,14,17,0,1,10,2927,81.3,11,238,37%,5,98,7,0,23,3,4,0,3,1,1,0.1,1,0,55,20,36%,9,0,0,0,0,0,0,0,0
Jóhann Gudmundsson,Midfielder,26,0,0,13,31%,0,3,16,16,6,0,56,52,61,5,14,22,0,0,3,465,17.9,5,70,37%,4,29,2,0,9,2,1,0,0,1,1,0,0,0,15,6,40%,3,0,0,0,0,0,0,0,0
Marc Guéhi,Defender,25,4,32,28,68%,0,1,18,88,44,0,120,90,59,7,29,29,0,1,1,1299,52,1,3,0%,1,85,2,0,14,0,0,0,0,0,0,0,0,0,0,0,0%,0,0,0,0,0,0,0,0,0
Idrissa Gueye,Midfielder,25,0,0,73,60%,0,11,28,16,6,0,174,128,91,11,15,9,0,0,0,880,35.2,1,11,9%,2,22,8,0,35,0,4,0,3,1,0,0.2,0,1,26,7,27%,0,0,0,0,0,0,0,0,0
Malo Gusto,Defender,27,2,27,55,49%,0,2,17,37,16,0,126,110,89,17,8,19,0,0,6,1218,45.1,8,64,27%,2,30,7,1,22,6,0,0,0,0,0,0,0,0,0,0,0%,0,0,0,0,0,0,0,0,0
Josko Gvardiol,Defender,28,9,23,55,60%,0,6,27,26,13,0,150,134,89,26,31,24,0,1,1,1732,61.9,2,33,12%,3,41,3,0,20,2,4,1,3,0,0,0,0,0,0,0,0%,0,0,0,0,0,0,0,0,0
Erling Haaland,Forward,31,0,0,6,0%,0,23,2,16,14,0,0,0,0,0,0,0,0,0,5,381,12.3,6,5,0%,0,0,1,0,18,6,27,4,2,20,2,0.9,7,0,121,59,49%,34,0,0,0,0,0,0,0,0
Lewis Hall,Defender,18,0,12,28,64%,0,6,12,17,8,0,56,52,47,9,10,11,0,0,0,468,26,0,23,17%,0,27,2,0,5,0,1,0,0,1,0,0,0,0,0,0,0%,0,0,0,0,0,0,0,0,0
Gustavo Hamer,Midfielder,36,0,0,39,54%,0,15,29,32,11,0,162,90,154,28,6,16,0,0,6,982,27.3,10,115,29%,5,42,9,0,50,6,4,0,3,1,0,0.1,0,0,49,15,31%,1,0,0,0,0,0,0,0,0
Daiki Hashioka,Defender,10,0,21,11,45%,0,1,8,20,8,0,26,30,35,1,13,12,2,0,0,254,25.4,1,9,33%,0,9,0,0,10,0,0,0,0,0,0,0,0,0,0,0,0%,0,0,0,0,0,0,0,0,0
Kai Havertz,Midfielder,37,0,0,35,43%,0,18,20,22,19,0,122,197,220,16,105,105,0,0,7,932,25.2,8,12,17%,2,8,11,0,49,15,13,3,3,7,1,0.4,1,0,69,28,41%,13,0,0,0,0,0,0,0,0
Dean Henderson,Goalkeeper,18,4,30,0,0%,0,0,0,0,0,0,0,0,0,0,0,0,1,1,0,430,23.9,0,0,0%,0,65,2,0,0,0,0,0,0,0,0,0,0,0,0,0,0%,0,58,0,14,2,1,11,52,105
Rico Henry,Defender,5,1,5,7,71%,0,0,5,5,3,0,24,24,18,7,4,6,0,1,1,156,31.2,2,11,18%,0,8,1,0,4,2,0,0,0,0,0,0,0,0,0,0,0%,0,0,0,0,0,0,0,0,0
Aaron Hickey,Defender,9,0,12,16,56%,0,2,3,10,8,0,42,38,29,5,2,9,0,0,0,252,28,0,5,0%,1,9,5,0,10,0,0,0,0,0,0,0,0,0,0,0,0%,0,0,0,0,0,0,0,0,0
James Hill,Defender,5,0,1,3,67%,0,0,3,8,5,0,7,7,4,0,4,1,0,0,0,34,6.8,0,0,0%,0,3,0,0,1,0,0,0,0,0,0,0,0,0,0,0,0%,0,0,0,0,0,0,0,0,0
Jack Hinshelwood,Midfielder,12,0,0,14,36%,0,1,14,16,8,0,33,24,33,0,7,8,0,0,0,435,36.3,1,10,20%,0,5,1,0,11,1,3,2,1,0,1,0.3,0,0,14,8,57%,3,0,0,0,0,0,0,0,0
Mason Holgate,Defender,10,0,22,12,58%,0,1,11,39,21,0,30,26,24,1,9,7,0,0,0,165,16.5,1,7,29%,0,10,3,1,8,0,0,0,0,0,1,0,0,0,0,0,0%,0,0,0,0,0,0,0,0,0
Callum Hudson-Odoi,Forward,29,0,0,18,0%,0,8,7,11,4,0,0,0,0,0,0,0,0,0,1,647,22.3,4,74,0%,0,0,0,0,14,9,8,0,8,0,2,0.3,0,0,38,20,53%,2,0,0,0,0,0,0,0,0
Will Hughes,Midfielder,30,0,0,60,55%,0,2,22,20,5,0,121,111,109,9,12,18,0,0,1,845,28.2,2,30,33%,2,10,6,0,39,1,0,0,0,0,0,0,0,0,8,3,38%,0,0,0,0,0,0,0,0,0
Hugo Bueno,Defender,22,0,16,21,67%,0,4,6,20,11,0,37,44,50,8,9,12,1,0,0,330,15,2,29,34%,0,4,1,0,7,1,0,0,0,0,0,0,0,0,0,0,0%,0,0,0,0,0,0,0,0,0
Hwang Hee-Chan,Forward,29,0,0,20,0%,0,10,10,8,3,0,0,0,0,0,0,0,0,0,3,530,18.3,4,11,0%,0,0,6,0,31,15,12,2,8,2,2,0.4,1,0,45,18,40%,8,0,0,0,0,0,0,0,0
Pierre-Emile Højbjerg,Midfielder,36,0,0,32,56%,0,8,19,27,12,0,121,69,72,12,8,13,0,1,0,1383,38.4,3,14,7%,2,75,4,0,20,0,0,0,0,0,1,0,0,0,19,6,32%,0,0,0,0,0,0,0,0,0
Rasmus Højlund,Forward,30,0,0,11,0%,0,5,1,19,12,0,0,0,0,0,0,0,0,0,2,391,13,0,6,0%,0,0,2,0,20,15,10,0,4,5,0,0.3,0,0,38,21,55%,13,0,0,0,0,0,0,0,0
Igor Julio,Defender,24,2,26,25,72%,0,2,14,45,18,1,105,71,56,16,26,14,0,0,0,1417,59,1,1,0%,2,23,4,0,21,0,0,0,0,0,0,0,0,0,0,0,0%,0,0,0,0,0,0,0,0,0
Danny Ings,Forward,20,0,0,6,0%,0,5,3,6,4,0,0,0,0,0,0,0,0,0,0,105,5.3,0,1,0%,0,0,1,0,4,1,1,0,1,0,1,0.1,0,0,12,4,33%,1,0,0,0,0,0,0,0,0
Tim Iroegbunam,Midfielder,9,0,0,7,71%,0,0,2,2,1,0,15,14,19,3,2,0,0,0,0,55,6.1,0,0,0%,0,0,0,0,9,0,0,0,0,0,0,0,0,0,0,0,0%,0,0,0,0,0,0,0,0,0
Alexander Isak,Forward,30,0,0,5,0%,0,14,6,12,5,0,0,0,0,0,0,0,0,0,2,474,15.8,5,10,0%,0,0,1,0,14,17,21,1,19,1,2,0.7,5,0,78,43,55%,21,0,0,0,0,0,0,0,0
Alex Iwobi,Forward,32,0,0,31,0%,0,18,15,6,1,0,0,0,0,0,0,0,0,0,2,1012,31.6,5,70,0%,0,0,2,0,12,8,5,0,4,1,1,0.2,0,0,55,20,36%,2,0,0,0,0,0,0,0,0
Jacob Murphy,Midfielder,21,0,0,20,50%,0,9,6,13,8,0,66,52,58,13,4,10,0,0,7,421,20.1,10,77,22%,10,7,1,0,7,1,3,0,3,0,0,0.1,0,0,30,10,33%,3,0,0,0,0,0,0,0,0
Reece James,Defender,10,0,11,14,64%,0,2,3,7,5,0,28,36,21,9,8,5,0,0,2,267,26.7,7,28,25%,4,14,0,2,4,2,0,0,0,0,0,0,0,0,0,0,0%,0,0,0,0,0,0,0,0,0
Vitaly Janelt,Midfielder,38,0,0,63,60%,0,8,36,57,17,0,189,133,100,8,34,27,0,1,3,1306,34.4,5,59,34%,4,60,8,0,27,3,1,0,0,1,1,0,0,0,21,7,33%,2,0,0,0,0,0,0,0,0
Mathias Jensen,Midfielder,32,0,0,54,59%,0,3,23,24,8,0,123,96,148,18,6,11,0,0,3,972,30.4,9,113,38%,8,82,5,0,28,2,3,0,2,1,0,0.1,0,1,14,7,50%,0,0,0,0,0,0,0,0,0
Raúl Jiménez,Forward,24,0,0,18,0%,0,10,4,13,10,0,0,0,0,0,0,0,0,0,0,373,15.5,3,7,0%,0,0,3,1,17,12,7,2,5,0,2,0.3,0,0,41,17,41%,4,0,0,0,0,0,0,0,0
João Gomes,Midfielder,34,0,0,128,58%,0,11,18,29,16,0,183,211,211,26,19,26,0,0,1,1237,36.4,2,25,48%,7,31,11,0,66,1,2,1,1,0,2,0.1,0,0,26,8,31%,1,0,0,0,0,0,0,0,0
João Palhinha,Midfielder,33,0,0,152,49%,0,12,46,54,22,0,195,259,166,11,41,31,0,0,1,1321,40,1,5,20%,6,80,13,0,52,2,4,2,2,0,1,0.1,0,0,45,14,31%,4,0,0,0,0,0,0,0,0
João Pedro,Forward,31,0,0,31,0%,0,30,11,25,17,0,0,0,0,0,0,0,0,0,3,774,25,9,29,0%,0,0,2,0,19,11,9,3,6,0,1,0.3,4,0,75,26,35%,9,0,0,0,0,0,0,0,0
Joelinton,Forward,20,0,0,39,0%,0,4,19,10,9,0,0,0,0,0,0,0,0,0,1,616,30.8,5,2,0%,0,0,6,0,28,0,2,0,2,0,1,0.1,0,0,19,9,47%,3,0,0,0,0,0,0,0,0
Sam Johnstone,Goalkeeper,20,6,27,0,0%,0,0,0,0,0,0,0,0,0,0,0,0,0,0,0,532,26.6,0,0,0%,0,139,1,0,1,0,0,0,0,0,0,0,0,0,0,0,0%,0,41,0,8,23,1,6,62,141
Curtis Jones,Midfielder,23,0,0,27,52%,0,7,7,7,2,0,72,63,84,15,7,12,0,0,1,750,32.6,0,4,25%,4,12,3,1,16,5,1,0,1,0,0,0,0,0,19,6,32%,1,0,0,0,0,0,0,0,0
Jorginho,Midfielder,24,0,0,24,42%,0,2,12,7,2,0,49,48,35,2,7,7,0,1,2,773,32.2,2,3,33%,5,38,1,0,9,0,0,0,0,0,0,0,0,0,4,0,0%,0,0,0,0,0,0,0,0,0
José Sá,Goalkeeper,35,4,58,0,0%,0,0,0,0,0,0,0,0,0,0,0,0,0,3,1,904,25.8,0,0,0%,0,108,1,0,0,0,0,0,0,0,0,0,0,0,0,0,0%,0,134,0,9,37,6,15,190,253
Issa Kaboré,Defender,24,0,39,52,54%,0,2,16,46,16,1,102,117,92,18,18,20,1,1,2,540,22.5,5,66,21%,1,16,7,0,27,2,0,0,0,0,0,0,0,0,0,0,0%,0,0,0,0,0,0,0,0,0
Sasa Kalajdzic,Forward,11,0,0,6,0%,0,0,1,6,5,0,0,0,0,0,0,0,0,0,0,59,5.4,2,1,0%,0,0,1,0,6,2,2,0,1,0,0,0.2,0,0,4,2,50%,1,0,0,0,0,0,0,0,0
Boubacar Kamara,Midfielder,20,0,0,43,67%,0,1,21,15,7,0,97,105,108,14,20,25,0,0,1,1024,51.2,1,2,0%,6,41,7,1,35,0,0,0,0,0,0,0,0,0,5,1,20%,0,0,0,0,0,0,0,0,0
Willy Kambwala,Defender,8,0,10,3,33%,0,0,4,12,7,0,12,11,11,0,6,2,0,1,0,191,23.9,0,0,0%,0,5,1,0,4,0,0,0,0,0,0,0,0,0,0,0,0%,0,0,0,0,0,0,0,0,0
Thomas Kaminski,Goalkeeper,38,2,85,0,0%,0,0,0,0,0,0,0,0,0,0,0,0,0,1,0,1310,34.5,0,0,0%,0,312,3,0,0,0,0,0,0,0,0,0,0,0,0,0,0%,0,145,0,8,15,5,32,150,341
Michael Keane,Defender,9,1,13,7,43%,0,1,5,18,8,0,26,25,25,2,16,11,0,1,0,220,24.4,0,0,0%,0,17,2,0,5,0,1,0,1,0,1,0,0,0,0,0,0%,0,0,0,0,0,0,0,0,0
Caoimhín Kelleher,Goalkeeper,10,2,11,0,0%,0,0,0,0,0,0,0,0,0,0,0,0,0,1,0,387,38.7,0,0,0%,0,44,0,0,0,0,0,0,0,0,0,0,0,0,0,0,0%,0,28,0,3,4,1,4,52,28
Lloyd Kelly,Defender,23,4,32,24,79%,0,0,13,59,26,0,121,67,52,2,28,18,0,0,1,772,33.6,2,21,24%,1,55,2,0,17,0,0,0,0,0,0,0,0,0,0,0,0%,0,0,0,0,0,0,0,0,0
Milos Kerkez,Defender,28,2,37,47,55%,0,5,20,56,23,0,93,98,88,12,18,32,1,1,1,627,22.4,3,55,20%,1,22,4,1,25,1,0,0,0,0,1,0,0,0,0,0,0%,0,0,0,0,0,0,0,0,0
Maximilian Kilman,Defender,38,5,65,47,45%,0,2,39,179,101,3,177,161,94,10,89,36,0,0,0,2286,60.2,4,6,17%,2,144,7,0,38,2,2,0,0,2,0,0,0,0,0,0,0%,0,0,0,0,0,0,0,0,0
Jakub Kiwior,Defender,20,5,8,20,60%,0,2,8,24,13,0,35,40,29,2,16,11,0,0,3,544,27.2,1,12,25%,1,21,1,0,10,0,1,1,0,0,0,0,0,0,0,0,0%,0,0,0,0,0,0,0,0,0
Justin Kluivert,Forward,32,0,0,28,0%,0,22,8,10,3,0,0,0,0,0,0,0,0,0,1,381,11.9,1,29,0%,0,0,5,0,52,5,7,0,5,2,1,0.2,0,0,56,20,36%,7,0,0,0,0,0,0,0,0
Luca Koleosho,Forward,15,0,0,7,0%,0,6,2,0,0,0,0,0,0,0,0,0,0,0,1,246,16.4,2,23,0%,0,0,0,0,18,8,1,0,1,0,1,0.1,0,0,23,5,22%,3,0,0,0,0,0,0,0,0
Ibrahima Konaté,Defender,22,5,18,36,61%,1,1,20,51,31,0,97,132,68,6,77,31,0,1,0,1449,65.9,1,1,0%,5,47,3,1,25,0,0,0,0,0,0,0,0,0,0,0,0%,0,0,0,0,0,0,0,0,0
Ezri Konsa,Defender,35,6,54,54,59%,3,5,28,68,29,0,142,167,53,19,30,14,0,2,0,1953,55.8,1,17,24%,1,46,5,0,14,0,1,0,1,0,0,0,0,0,0,0,0%,0,0,0,0,0,0,0,0,0
Cheikhou Kouyaté,Midfielder,12,0,0,8,63%,0,0,2,9,6,0,14,21,21,1,10,10,0,0,0,73,6.1,0,0,0%,0,0,2,0,6,0,0,0,0,0,0,0,0,0,5,1,20%,1,0,0,0,0,0,0,0,0
Mateo Kovacic,Midfielder,30,0,0,36,69%,0,11,10,10,4,0,72,75,62,20,4,4,0,0,0,1523,50.8,3,0,0%,4,20,4,0,17,0,1,0,1,0,0,0,0,0,22,5,23%,1,0,0,0,0,0,0,0,0
Emil Krafth,Defender,17,2,15,21,67%,0,2,9,18,10,0,44,44,43,3,13,15,0,0,0,509,29.9,2,17,47%,0,6,2,0,10,0,0,0,0,0,1,0,0,0,0,0,0%,0,0,0,0,0,0,0,0,0
Mohammed Kudus,Midfielder,33,0,0,65,72%,0,24,11,8,0,0,212,279,252,124,15,29,0,0,6,773,23.4,5,94,22%,3,44,6,0,39,16,8,0,4,4,2,0.2,0,0,67,17,25%,4,0,0,0,0,0,0,0,0
Dejan Kulusevski,Midfielder,36,0,0,62,53%,0,26,18,1,1,0,133,152,240,54,7,15,0,0,3,1132,31.4,14,89,25%,12,16,7,0,54,10,8,1,3,4,1,0.2,0,0,57,24,42%,4,0,0,0,0,0,0,0,0
Adam Lallana,Midfielder,25,0,0,8,38%,0,3,3,1,1,0,22,25,44,3,3,5,0,0,1,499,20,2,7,29%,3,3,2,0,8,2,0,0,0,0,0,0,0,0,11,2,18%,0,0,0,0,0,0,0,0,0
Tariq Lamptey,Defender,19,0,20,21,67%,0,4,6,5,3,1,32,49,38,6,4,9,0,0,3,371,19.5,1,31,29%,0,7,3,0,11,3,0,0,0,0,0,0,0,0,0,0,0%,0,0,0,0,0,0,0,0,0
Yasser Larouci,Defender,11,0,11,17,53%,0,2,7,20,10,0,34,33,25,10,1,4,0,0,0,165,15,1,6,0%,0,2,1,0,5,1,0,0,0,0,0,0,0,0,0,0,0%,0,0,0,0,0,0,0,0,0
Jamaal Lascelles,Defender,16,5,15,14,64%,0,1,5,42,26,0,53,64,51,1,47,26,0,0,0,769,48.1,0,1,0%,0,14,4,0,17,1,1,1,0,0,0,0,0,0,0,0,0%,0,0,0,0,0,0,0,0,0
Clément Lenglet,Defender,14,2,27,13,69%,0,3,7,47,27,0,37,43,25,3,15,11,0,0,1,910,65,1,3,0%,0,51,3,0,3,0,0,0,0,0,0,0,0,0,0,0,0%,0,0,0,0,0,0,0,0,0
Bernd Leno,Goalkeeper,38,10,61,0,0%,0,0,0,0,0,0,0,0,0,0,0,0,1,1,0,1406,37,0,0,0%,0,176,3,0,0,0,0,0,0,0,0,0,0,0,0,0,0%,0,134,0,18,16,8,19,167,201
Jefferson Lerma,Midfielder,28,0,0,42,60%,0,5,36,64,37,0,174,147,116,11,69,36,0,0,1,1225,43.8,3,14,21%,8,40,8,0,43,4,1,0,1,0,3,0,0,0,34,9,26%,2,0,0,0,0,0,0,0,0
Lewis Miley,Midfielder,17,0,0,33,64%,0,7,8,16,5,0,78,58,52,8,11,12,0,0,3,524,30.8,3,11,18%,4,18,1,0,5,2,1,0,1,0,0,0.1,0,0,13,3,23%,1,0,0,0,0,0,0,0,0
Keane Lewis-Potter,Forward,30,0,0,17,0%,0,10,7,20,9,0,0,0,0,0,0,0,0,0,1,358,11.9,3,50,0%,0,0,0,0,9,3,3,1,1,1,2,0.1,0,0,43,22,51%,12,0,0,0,0,0,0,0,0
Victor Lindelöf,Defender,19,4,16,15,67%,0,0,12,38,24,0,75,35,50,1,17,26,0,0,1,876,46.1,0,1,0%,2,26,2,0,15,3,1,0,1,0,0,0,0,0,0,0,0%,0,0,0,0,0,0,0,0,0
Lisandro Martínez,Defender,11,0,12,12,67%,0,0,5,23,8,1,33,21,22,2,4,5,1,0,1,442,40.2,0,2,0%,1,10,3,0,6,0,0,0,0,0,0,0,0,0,0,0,0%,0,0,0,0,0,0,0,0,0
Tino Livramento,Defender,26,1,27,23,57%,0,2,25,37,17,1,85,80,48,17,12,8,0,0,0,675,26,1,26,19%,0,13,1,0,3,1,1,0,1,0,0,0,0,0,0,0,0%,0,0,0,0,0,0,0,0,0
Giovani Lo Celso,Midfielder,22,0,0,22,59%,0,4,5,2,1,0,46,57,32,8,1,5,0,0,2,483,22,1,13,38%,2,18,2,0,12,1,2,0,0,2,1,0.1,0,0,13,6,46%,0,0,0,0,0,0,0,0,0
Tom Lockyer,Defender,14,0,23,25,64%,1,1,23,66,31,0,89,70,42,4,31,17,1,0,1,418,29.9,1,1,0%,1,45,4,0,15,0,1,0,0,1,0,0,0,0,0,0,0%,0,0,0,0,0,0,0,0,0
Sean Longstaff,Midfielder,35,0,0,54,56%,0,14,17,22,16,0,120,117,130,11,19,22,0,0,2,1209,34.5,5,25,32%,8,44,7,0,24,2,6,0,5,1,0,0.2,0,0,41,15,37%,7,0,0,0,0,0,0,0,0
Lucas Paquetá,Midfielder,31,0,0,71,68%,0,5,21,25,20,0,194,237,239,41,61,60,0,0,6,1411,45.5,12,35,29%,30,70,10,0,47,5,4,0,0,4,2,0.1,2,0,42,11,26%,3,0,0,0,0,0,0,0,0
Sasa Lukic,Midfielder,24,0,0,33,58%,0,5,16,18,9,0,65,58,69,5,11,8,0,0,0,489,20.4,0,4,0%,4,11,3,0,27,0,1,0,0,1,0,0,0,0,13,3,23%,2,0,0,0,0,0,0,0,0
Ian Maatsen,Defender,12,0,5,3,67%,0,3,3,9,5,0,11,7,25,0,3,5,0,0,0,119,9.9,0,8,25%,1,2,1,0,5,0,0,0,0,0,1,0,0,0,0,0,0%,0,0,0,0,0,0,0,0,0
Alexis Mac Allister,Midfielder,33,0,0,99,56%,0,19,35,25,15,0,195,195,193,18,31,29,0,1,5,1927,58.4,3,32,31%,14,61,7,1,53,0,5,1,4,0,1,0.2,1,0,44,9,20%,2,0,0,0,0,0,0,0,0
James Maddison,Midfielder,28,0,0,33,58%,0,19,13,8,3,0,60,142,108,32,3,6,0,0,9,1346,48.1,11,133,17%,14,43,5,0,21,2,4,0,3,1,0,0.1,0,0,58,23,40%,4,0,0,0,0,0,0,0,0
Noni Madueke,Forward,23,0,0,16,0%,0,10,4,12,7,0,0,0,0,0,0,0,0,0,2,454,19.7,2,22,0%,0,0,2,0,8,3,5,1,1,3,1,0.2,1,0,32,13,41%,0,0,0,0,0,0,0,0,0
Harry Maguire,Defender,22,4,29,24,71%,0,5,25,83,54,0,78,103,53,0,69,19,0,0,2,1096,49.8,2,3,33%,0,73,4,0,21,6,2,1,0,1,0,0,0,0,0,0,0%,0,0,0,0,0,0,0,0,0
Kobbie Mainoo,Midfielder,24,0,0,47,57%,0,3,22,27,15,0,96,120,109,31,19,26,0,1,1,862,35.9,0,6,17%,8,21,3,0,15,0,3,0,3,0,0,0.1,0,0,11,5,45%,0,0,0,0,0,0,0,0,0
Orel Mangala,Midfielder,20,0,0,27,48%,0,1,26,28,11,0,74,70,72,13,10,4,0,0,0,642,32.1,0,2,50%,1,23,6,0,23,0,1,0,1,0,0,0.1,0,0,10,1,10%,1,0,0,0,0,0,0,0,0
Manuel Benson,Forward,8,0,0,3,0%,0,0,0,0,0,0,0,0,0,0,0,0,0,0,0,47,5.9,0,9,0%,0,0,0,0,1,0,0,0,0,0,0,0,0,0,4,2,50%,0,0,0,0,0,0,0,0,0
Solly March,Midfielder,7,0,0,19,74%,0,6,11,8,3,0,36,41,40,8,6,4,0,0,1,221,31.6,2,21,33%,1,4,1,0,12,7,3,1,0,2,0,0.4,0,0,14,6,43%,1,0,0,0,0,0,0,0,0
Mario Lemina,Midfielder,35,0,0,90,64%,0,14,41,56,28,0,199,174,146,25,35,42,0,0,1,1439,41.1,3,15,27%,8,59,10,1,43,8,4,3,1,0,1,0.1,0,0,48,18,38%,4,0,0,0,0,0,0,0,0
Anthony Martial,Forward,13,0,0,4,0%,0,1,0,3,2,0,0,0,0,0,0,0,0,0,0,137,10.5,0,0,0%,0,0,0,0,3,3,1,0,1,0,0,0.1,0,0,6,4,67%,0,0,0,0,0,0,0,0,0
Jean-Philippe Mateta,Forward,35,0,0,22,0%,0,7,4,14,11,0,0,0,0,0,0,0,0,0,5,413,11.8,5,20,0%,0,0,3,0,35,24,16,1,12,3,0,0.5,2,0,46,29,63%,7,0,0,0,0,0,0,0,0
Matheus Cunha,Forward,32,0,0,30,0%,0,15,13,20,10,0,0,0,0,0,0,0,0,0,7,786,24.6,7,24,0%,0,0,9,0,31,4,12,2,9,1,3,0.4,1,0,73,38,52%,6,0,0,0,0,0,0,0,0
Matheus França,Forward,10,0,0,3,100%,0,2,1,1,0,0,17,10,33,4,1,5,0,0,1,65,6.5,1,14,21%,0,3,1,0,6,2,0,0,0,0,0,0,0,0,8,2,25%,0,0,0,0,0,0,0,0,0
Matheus Nunes,Midfielder,19,0,0,13,38%,0,2,7,9,6,0,40,63,66,20,7,9,0,1,2,522,27.5,2,22,32%,1,4,0,1,9,5,0,0,0,0,1,0,0,0,10,4,40%,2,0,0,0,0,0,0,0,0
Joël Matip,Defender,10,2,9,12,50%,0,1,9,41,26,0,58,43,27,0,28,10,1,0,0,563,56.3,0,0,0%,0,16,2,0,7,1,0,0,0,0,0,0,0,0,0,0,0%,0,0,0,0,0,0,0,0,0
Neal Maupay,Forward,31,0,0,10,0%,0,12,2,4,3,0,0,0,0,0,0,0,0,0,3,398,12.8,5,8,0%,0,0,8,0,20,6,6,1,3,2,1,0.2,0,0,42,20,48%,7,0,0,0,0,0,0,0,0
Konstantinos Mavropanos,Defender,19,3,27,28,57%,2,1,23,78,31,0,70,84,44,2,44,24,2,2,0,627,33,0,1,0%,1,40,2,0,15,0,1,1,0,0,0,0,0,0,0,0,0%,0,0,0,0,0,0,0,0,0
Bryan Mbeumo,Midfielder,25,0,0,15,67%,0,11,7,12,8,0,93,106,160,26,23,45,0,0,6,650,26,6,92,32%,15,17,2,0,22,3,9,0,1,8,3,0.4,3,0,53,20,38%,9,0,0,0,0,0,0,0,0
Oliver McBurnie,Forward,21,0,0,17,0%,0,6,5,28,26,0,0,0,0,0,0,0,0,0,3,398,19,3,5,0%,0,0,3,2,19,4,6,1,4,1,2,0.3,2,0,33,17,52%,7,0,0,0,0,0,0,0,0
John McGinn,Midfielder,35,0,0,59,59%,0,11,21,18,9,0,161,191,191,54,9,19,0,0,4,1142,32.6,10,74,34%,15,73,9,1,39,2,6,0,3,3,0,0.2,0,1,40,16,40%,3,0,0,0,0,0,0,0,0
Dwight McNeil,Forward,35,0,0,44,0%,0,20,22,27,15,0,0,0,0,0,0,0,0,0,6,1001,28.6,17,229,0%,0,0,2,0,18,4,3,0,0,3,3,0.1,0,0,57,15,26%,3,0,0,0,0,0,0,0,0
Scott McTominay,Midfielder,32,0,0,49,51%,0,11,14,54,32,0,91,114,115,8,38,44,0,0,1,643,20.1,2,4,0%,2,18,2,0,29,6,7,4,2,1,0,0.2,0,0,44,19,43%,6,0,0,0,0,0,0,0,0
Ben Mee,Defender,16,1,26,26,58%,0,4,13,57,34,1,67,67,54,3,35,32,0,0,0,605,37.8,0,5,60%,0,36,1,1,7,1,2,2,0,0,0,0,0,0,0,0,0%,0,0,0,0,0,0,0,0,0
Hannibal Mejbri,Midfielder,5,0,0,3,100%,0,0,0,0,0,0,10,13,16,2,2,4,0,0,0,37,7.4,0,1,0%,2,2,1,0,5,1,1,0,1,0,0,0.2,0,0,1,1,100%,0,0,0,0,0,0,0,0,0
Teden Mengi,Defender,30,1,59,54,41%,1,0,57,136,67,2,126,128,95,7,60,43,0,0,0,925,30.8,0,2,0%,1,70,3,0,35,1,1,0,1,0,0,0,0,0,0,0,0%,0,0,0,0,0,0,0,0,0
Chris Mepham,Defender,10,0,16,12,92%,0,0,7,29,18,0,31,43,42,0,30,20,0,0,1,354,35.4,1,1,0%,0,25,2,0,15,0,0,0,0,0,0,0,0,0,0,0,0%,0,0,0,0,0,0,0,0,0
James Milner,Midfielder,15,0,0,20,70%,0,2,8,13,5,0,45,33,38,3,6,13,0,0,2,500,33.3,2,29,28%,4,19,3,0,10,3,0,0,0,0,1,0,0,0,5,1,20%,0,0,0,0,0,0,0,0,0
Tyrick Mitchell,Defender,37,10,55,105,57%,1,4,25,87,30,2,208,160,108,18,21,26,0,0,3,1205,32.6,5,69,25%,1,35,6,0,22,1,2,0,0,2,0,0,0,0,0,0,0%,0,0,0,0,0,0,0,0,0
Kaoru Mitoma,Midfielder,19,0,0,13,0%,0,8,5,11,4,0,0,0,0,0,0,0,0,0,4,597,31.4,6,44,0%,0,0,4,0,14,7,3,1,2,0,0,0.2,0,0,34,15,44%,6,0,0,0,0,0,0,0,0
Jakub Moder,Midfielder,17,0,0,19,53%,0,4,2,12,5,0,40,33,33,6,3,5,0,0,0,289,17,2,6,0%,1,3,2,0,8,2,0,0,0,0,0,0,0,0,11,3,27%,1,0,0,0,0,0,0,0,0
Mohamed Salah,Forward,32,0,0,17,0%,0,24,2,1,1,0,0,0,0,0,0,0,0,0,10,935,29.2,22,41,0%,0,0,2,0,12,17,18,2,2,14,2,0.6,5,0,114,56,49%,17,0,0,0,0,0,0,0,0
Moisés Caicedo,Midfielder,35,0,0,91,51%,0,5,37,33,16,0,200,196,153,26,31,32,0,1,3,2097,59.9,4,10,0%,12,88,11,0,50,0,1,0,1,0,0,0,0,0,13,4,31%,0,0,0,0,0,0,0,0,0
Gonzalo Montiel,Defender,14,0,11,22,86%,0,2,9,30,20,0,42,36,30,1,12,9,0,1,2,318,22.7,4,16,6%,1,14,5,0,6,2,0,0,0,0,0,0,0,0,0,0,0%,0,0,0,0,0,0,0,0,0
Kieffer Moore,Forward,8,0,0,0,0%,0,1,0,0,0,0,0,0,0,0,0,0,0,0,0,40,5,1,2,0%,0,0,0,0,5,0,1,1,0,0,0,0.1,0,0,6,2,33%,2,0,0,0,0,0,0,0,0
Álex Moreno,Defender,21,2,20,18,67%,0,1,13,33,18,0,40,53,50,15,4,10,1,0,0,407,19.4,1,37,11%,0,13,2,0,11,2,2,1,0,1,0,0,0,0,0,0,0%,0,0,0,0,0,0,0,0,0
Carlton Morris,Forward,38,0,0,15,0%,0,12,1,53,42,0,0,0,0,0,0,0,0,0,4,718,18.9,5,15,0%,0,0,4,0,49,9,11,2,9,0,4,0.3,5,0,71,31,44%,7,0,0,0,0,0,0,0,0
Mason Mount,Midfielder,14,0,0,22,64%,0,3,6,3,1,0,37,41,41,4,6,9,0,0,0,203,14.5,0,14,29%,1,6,2,0,10,0,1,0,0,1,0,0.1,0,0,5,1,20%,0,0,0,0,0,0,0,0,0
Pelly Ruddock Mpanzu,Midfielder,27,0,0,13,38%,0,4,9,16,10,0,54,48,54,9,12,19,0,2,0,343,12.7,1,11,27%,0,16,1,0,9,0,0,0,0,0,0,0,0,0,11,1,9%,1,0,0,0,0,0,0,0,0
Divin Mubama,Forward,5,0,0,0,0%,0,1,0,0,0,0,0,0,0,0,0,0,0,0,0,22,4.4,0,0,0%,0,0,0,0,1,0,0,0,0,0,0,0,0,0,1,0,0%,0,0,0,0,0,0,0,0,0
Mykhailo Mudryk,Midfielder,31,0,0,21,57%,0,7,9,6,3,0,50,94,110,39,7,14,0,0,2,477,15.4,6,78,19%,5,14,5,0,22,1,5,0,3,2,1,0.2,0,0,35,12,34%,4,0,0,0,0,0,0,0,0
Daniel Muñoz,Defender,16,4,22,55,64%,1,3,24,34,14,0,76,102,95,13,26,28,0,0,4,566,35.4,5,11,9%,0,9,4,0,30,8,0,0,0,0,0,0,0,0,0,0,0%,0,0,0,0,0,0,0,0,0
Arijanet Muric,Goalkeeper,10,0,16,0,0%,0,0,0,0,0,0,0,0,0,0,0,0,1,2,0,526,52.6,0,0,0%,0,106,0,0,0,0,0,0,0,0,0,0,0,0,0,0,0%,0,64,1,4,19,0,17,54,33
Murillo,Defender,32,3,56,50,62%,3,1,37,185,78,3,146,115,121,20,38,40,1,0,2,1444,45.1,2,4,25%,6,117,5,0,38,0,0,0,0,0,1,0,0,0,0,0,0%,0,0,0,0,0,0,0,0,0
Vitalii Mykolenko,Defender,28,9,37,69,55%,0,11,36,82,37,1,142,126,97,18,30,27,0,0,0,882,31.5,2,56,23%,2,54,1,0,23,1,2,1,1,0,2,0,0,0,0,0,0%,0,0,0,0,0,0,0,0,0
Marvelous Nakamba,Midfielder,13,0,0,40,60%,0,1,11,11,4,0,90,56,57,3,4,7,0,0,0,415,31.9,0,4,25%,0,19,5,0,24,0,0,0,0,0,0,0,0,0,5,0,0%,0,0,0,0,0,0,0,0,0
Reiss Nelson,Forward,15,0,0,9,67%,0,2,1,5,1,0,22,16,22,1,0,5,0,0,0,127,8.5,1,14,21%,0,2,1,0,5,0,0,0,0,0,0,0,0,0,4,1,25%,0,0,0,0,0,0,0,0,0
Nélson Semedo,Defender,36,4,60,79,61%,0,7,36,78,35,0,188,182,166,51,22,28,0,0,1,1516,42.1,2,80,16%,2,48,11,1,48,1,0,0,0,0,0,0,0,0,0,0,0%,0,0,0,0,0,0,0,0,0
Neto,Goalkeeper,32,7,55,0,0%,0,0,0,0,0,0,0,0,0,0,0,0,0,2,0,902,28.2,0,0,0%,0,188,5,0,1,0,0,0,0,0,0,0,0,0,0,0,0%,0,115,1,26,20,4,16,154,223
Moussa Niakhaté,Defender,21,1,35,42,60%,0,2,14,49,23,1,98,64,24,3,16,5,0,0,0,688,32.8,0,11,9%,0,31,3,1,11,0,1,0,0,0,0,0,0,0,0,0,0%,0,0,0,0,0,0,0,0,0
Eddie Nketiah,Forward,27,0,0,12,0%,0,8,4,4,4,0,0,0,0,0,0,0,0,0,2,209,7.7,2,5,0%,0,0,3,0,24,8,5,0,5,0,2,0.2,0,0,38,12,32%,4,0,0,0,0,0,0,0,0
Christopher Nkunku,Forward,11,0,0,5,0%,0,3,2,4,1,0,0,0,0,0,0,0,0,0,0,177,16.1,0,4,0%,0,0,0,0,8,3,3,1,1,1,0,0.3,0,0,16,9,56%,3,0,0,0,0,0,0,0,0
Rhys Norrington-Davies,Defender,5,0,6,1,100%,0,0,1,2,1,0,4,4,7,1,1,1,0,0,0,54,10.8,0,2,0%,0,1,1,0,3,1,0,0,0,0,0,0,0,0,0,0,0%,0,0,0,0,0,0,0,0,0
Oliver Norwood,Midfielder,27,0,0,41,63%,0,4,21,36,14,0,98,65,63,1,14,17,0,0,0,855,31.7,1,52,31%,2,68,8,0,15,0,1,0,1,0,0,0,1,0,15,6,40%,0,0,0,0,0,0,0,0,0
Darwin Núñez,Forward,36,0,0,22,0%,0,22,3,9,9,0,0,0,0,0,0,0,0,0,8,465,12.9,11,19,0%,0,0,9,0,28,33,11,2,7,2,9,0.3,0,0,108,46,43%,27,0,0,0,0,0,0,0,0
Nuno Tavares,Defender,8,1,9,11,64%,0,0,1,15,9,0,33,22,18,6,3,2,0,0,0,218,27.3,0,16,13%,0,5,2,0,8,0,0,0,0,0,0,0,0,0,0,0,0%,0,0,0,0,0,0,0,0,0
Christian Nørgaard,Midfielder,31,0,0,81,62%,0,12,54,49,33,0,216,159,159,6,41,47,0,0,1,1441,46.5,6,22,27%,8,60,8,0,41,1,2,2,0,0,0,0.1,0,0,35,7,20%,3,0,0,0,0,0,0,0,0
Dara O Shea,Defender,33,1,71,39,51%,1,3,35,158,87,1,140,182,120,1,127,68,1,0,4,1732,52.5,3,11,27%,3,110,5,1,36,1,3,3,0,0,0,0,0,0,0,0,0%,0,0,0,0,0,0,0,0,0
Wilson Odobert,Forward,29,0,0,17,0%,0,16,6,12,3,0,0,0,0,0,0,0,0,0,2,545,18.8,7,35,0%,0,0,3,0,9,1,3,0,2,1,0,0.1,0,0,49,14,29%,2,0,0,0,0,0,0,0,0
Chiedozie Ogbene,Forward,30,0,0,17,0%,0,17,7,31,17,0,0,0,0,0,0,0,0,0,1,627,20.9,5,79,0%,0,0,1,0,8,8,4,1,3,0,1,0.1,0,0,35,14,40%,1,0,0,0,0,0,0,0,0
Angelo Ogbonna,Defender,11,2,14,11,45%,0,0,3,29,14,0,10,27,9,1,12,7,0,0,0,214,19.5,0,0,0%,0,9,1,0,1,0,0,0,0,0,0,0,0,0,0,0,0%,0,0,0,0,0,0,0,0,0
Michael Olakigbe,Forward,8,0,0,3,0%,0,1,1,0,0,0,0,0,0,0,0,0,0,0,0,32,4,0,7,0%,0,0,0,0,2,1,0,0,0,0,0,0,0,0,3,1,33%,0,0,0,0,0,0,0,0,0
Michael Olise,Midfielder,19,0,0,19,53%,0,21,11,9,3,0,68,109,110,40,7,15,0,0,6,609,32.1,9,97,26%,7,25,0,0,13,2,10,1,0,9,0,0.5,1,0,57,21,37%,3,0,0,0,0,0,0,0,0
Robin Olsen,Goalkeeper,5,0,13,0,0%,0,0,0,0,0,0,0,0,0,0,0,0,0,0,0,184,36.8,0,0,0%,0,20,0,0,0,0,0,0,0,0,0,0,0,0,0,0,0%,0,21,1,1,5,3,0,19,27
Andrew Omobamidele,Defender,11,0,15,10,30%,0,1,13,42,24,1,21,20,19,0,8,10,1,1,0,309,28.1,0,0,0%,0,13,2,0,6,0,0,0,0,0,0,0,0,0,0,0,0%,0,0,0,0,0,0,0,0,0
Amadou Onana,Midfielder,30,0,0,71,54%,0,8,21,30,16,0,160,180,93,12,53,19,0,0,0,1023,34.1,4,3,33%,6,61,5,0,37,1,2,2,0,0,0,0.1,0,0,29,6,21%,1,0,0,0,0,0,0,0,0
Fred Onyedinma,Midfielder,8,0,0,10,60%,0,1,1,13,7,0,10,26,41,2,8,6,0,0,0,85,10.6,0,13,8%,0,0,1,0,10,0,0,0,0,0,0,0,0,0,5,2,40%,0,0,0,0,0,0,0,0,0
Frank Onyeka,Midfielder,26,0,0,37,65%,0,8,23,17,7,0,73,89,86,11,10,23,0,0,2,375,14.4,2,16,31%,2,14,8,0,24,4,1,0,1,0,0,0,0,0,22,9,41%,2,0,0,0,0,0,0,0,0
Divock Origi,Forward,20,0,0,6,0%,0,4,2,2,1,0,0,0,0,0,0,0,0,0,1,131,6.6,5,13,0%,0,0,1,0,14,5,0,0,0,0,0,0,0,0,14,4,29%,4,0,0,0,0,0,0,0,0
Stefan Ortega,Goalkeeper,9,1,7,0,0%,0,0,0,0,0,0,0,0,0,0,0,0,0,0,0,242,26.9,0,0,0%,0,36,0,0,0,0,0,0,0,0,0,0,0,0,0,0,0%,0,20,0,1,6,0,4,24,19
Ben Osborn,Midfielder,24,0,0,22,41%,0,3,8,26,13,0,80,44,55,7,6,22,0,0,2,506,21.1,1,47,21%,1,23,3,0,8,1,0,0,0,0,0,0,0,0,4,0,0%,0,0,0,0,0,0,0,0,0
Gabriel Osho,Defender,21,2,47,41,54%,0,1,31,88,41,0,103,98,84,7,37,37,0,0,0,705,33.6,0,3,33%,0,27,3,0,23,1,2,2,0,0,0,0,0,0,0,0,0%,0,0,0,0,0,0,0,0,0
William Osula,Forward,21,0,0,2,0%,0,6,2,9,3,0,0,0,0,0,0,0,0,0,0,90,4.3,1,2,0%,0,0,4,0,15,6,0,0,0,0,0,0,0,0,21,8,38%,2,0,0,0,0,0,0,0,0
Dango Ouattara,Forward,30,0,0,45,0%,0,10,22,33,14,0,0,0,0,0,0,0,0,0,2,448,14.9,1,36,0%,0,0,3,0,15,4,1,1,0,0,0,0,0,0,30,7,23%,2,0,0,0,0,0,0,0,0
David Ozoh,Midfielder,9,0,0,10,60%,0,0,0,2,1,0,8,14,14,1,3,5,0,0,0,51,5.7,0,0,0%,0,0,1,0,2,0,0,0,0,0,0,0,0,0,0,0,0%,0,0,0,0,0,0,0,0,0
Cole Palmer,Midfielder,34,0,0,23,52%,0,33,20,11,3,0,105,102,128,52,1,4,0,0,11,1307,38.4,17,81,20%,27,69,7,0,24,6,22,2,3,17,1,0.7,9,0,109,46,42%,7,0,0,0,0,0,0,0,0
Thomas Partey,Midfielder,14,0,0,14,79%,0,3,11,8,2,0,56,36,33,9,7,8,0,0,0,621,44.4,0,2,100%,3,25,3,0,10,0,0,0,0,0,0,0,0,0,8,2,25%,0,0,0,0,0,0,0,0,0
Pedro Neto,Forward,20,0,0,7,0%,0,8,5,2,0,0,0,0,0,0,0,0,0,0,9,589,29.5,7,115,0%,0,0,4,0,15,2,2,0,0,2,3,0.1,0,0,36,12,33%,2,0,0,0,0,0,0,0,0
Facundo Pellistri,Midfielder,9,0,0,5,60%,0,1,1,5,1,0,11,22,18,5,6,4,0,0,1,74,8.2,0,4,0%,0,0,0,0,4,0,0,0,0,0,0,0,0,0,4,2,50%,0,0,0,0,0,0,0,0,0
Ivan Perisic,Midfielder,5,0,0,3,67%,0,1,2,1,1,0,3,13,7,4,5,0,0,0,1,61,12.2,2,13,23%,0,2,2,0,2,0,0,0,0,0,0,0,0,0,2,0,0%,0,0,0,0,0,0,0,0,0
Djordje Petrovic,Goalkeeper,23,5,38,0,0%,0,0,0,0,0,0,0,0,0,0,0,0,0,2,0,707,30.7,0,0,0%,0,93,2,0,0,0,0,0,0,0,0,0,0,0,0,0,0%,0,75,0,8,18,2,14,97,149
Jordan Pickford,Goalkeeper,38,13,51,0,0%,0,0,0,0,0,0,0,0,0,0,0,0,1,1,0,1429,37.6,0,0,0%,0,400,5,0,1,0,0,0,0,0,0,0,0,0,0,0,0%,0,121,0,15,26,6,26,141,273
Ethan Pinnock,Defender,29,5,46,35,66%,0,3,43,167,80,0,131,165,73,6,114,51,0,1,0,1398,48.2,1,7,0%,0,71,1,0,4,0,2,2,0,0,0,0,0,0,0,0,0%,0,0,0,0,0,0,0,0,0
Nick Pope,Goalkeeper,15,5,16,0,0%,0,0,0,0,0,0,0,0,0,0,0,0,0,1,0,311,20.7,0,0,0%,0,46,1,0,0,0,0,0,0,0,0,0,0,0,0,0,0%,0,43,0,10,9,2,11,88,95
Pedro Porro,Defender,35,5,54,91,69%,1,15,34,80,32,0,199,159,147,26,17,14,0,1,7,1865,53.3,13,198,19%,14,77,3,0,37,1,3,0,3,0,2,0,0,0,0,0,0%,0,0,0,0,0,0,0,0,0
Jarell Quansah,Defender,17,2,15,25,88%,0,0,17,39,20,0,72,76,43,4,45,22,0,1,0,1165,68.5,0,0,0%,1,44,1,0,10,0,2,1,1,0,0,0,0,0,0,0,0%,0,0,0,0,0,0,0,0,0
Jesurun Rak-Sakyi,Midfielder,6,0,0,4,25%,0,4,3,1,0,0,6,15,11,4,3,1,0,0,0,47,7.8,0,3,0%,0,1,0,0,1,0,0,0,0,0,0,0,0,0,5,1,20%,0,0,0,0,0,0,0,0,0
Aaron Ramsdale,Goalkeeper,6,2,5,0,0%,0,0,0,0,0,0,0,0,0,0,0,0,0,1,0,158,26.3,0,0,0%,0,23,0,0,0,0,0,0,0,0,0,0,0,0,0,0,0%,0,9,0,0,7,0,3,30,19
Jacob Ramsey,Midfielder,16,0,0,16,50%,0,4,3,7,2,0,42,41,52,8,5,3,0,0,1,310,19.4,1,11,18%,3,0,2,0,7,0,1,0,1,0,0,0.1,0,0,19,5,26%,2,0,0,0,0,0,0,0,0
Marcus Rashford,Forward,33,0,0,19,0%,0,23,4,20,13,0,0,0,0,0,0,0,0,0,2,683,20.7,6,35,0%,0,0,2,0,13,12,7,0,7,0,2,0.2,2,0,62,21,34%,7,0,0,0,0,0,0,0,0
David Raya,Goalkeeper,32,16,24,0,0%,0,0,0,0,0,0,0,0,0,0,0,0,0,3,0,906,28.3,0,0,0%,0,143,2,0,0,0,0,0,0,0,0,0,0,0,0,0,0%,0,46,1,5,35,4,18,159,96
Tim Ream,Defender,18,3,29,20,45%,0,0,25,59,31,1,79,57,40,6,26,19,0,2,0,1058,58.8,0,1,0%,0,73,2,1,8,1,1,0,0,1,0,0,0,0,0,0,0%,0,0,0,0,0,0,0,0,0
Nathan Redmond,Midfielder,12,0,0,2,50%,0,0,0,3,3,0,6,9,12,4,1,1,0,0,0,68,5.7,1,3,33%,0,3,1,0,4,2,0,0,0,0,1,0,0,0,0,0,0%,0,0,0,0,0,0,0,0,0
Harrison Reed,Midfielder,27,0,0,29,62%,0,2,11,22,8,0,72,53,75,5,10,13,0,0,2,722,26.7,2,19,21%,2,21,6,0,26,0,0,0,0,0,0,0,0,0,9,2,22%,0,0,0,0,0,0,0,0,0
Sergio Reguilón,Defender,25,3,28,58,48%,1,6,21,38,15,0,96,119,88,16,20,29,0,1,4,646,25.8,6,101,26%,1,23,7,1,14,4,0,0,0,0,1,0,0,0,0,0,0%,0,0,0,0,0,0,0,0,0
Giovanni Reyna,Midfielder,9,0,0,7,43%,0,1,2,0,0,0,14,19,23,3,7,9,0,0,1,129,14.3,0,8,25%,0,4,0,0,3,0,0,0,0,0,0,0,0,0,5,2,40%,0,0,0,0,0,0,0,0,0
Declan Rice,Midfielder,38,0,0,83,61%,0,23,44,51,29,0,178,156,143,21,39,46,0,0,8,2227,58.6,9,60,35%,2,78,5,0,34,2,7,2,5,0,2,0.2,0,0,58,20,34%,2,0,0,0,0,0,0,0,0
Richarlison,Forward,28,0,0,16,0%,0,15,8,23,16,0,0,0,0,0,0,0,0,0,4,374,13.4,3,14,0%,0,0,3,0,20,12,11,3,4,4,1,0.4,0,0,62,25,40%,7,0,0,0,0,0,0,0,0
Jairo Riedewald,Midfielder,9,0,0,9,33%,0,0,2,2,1,0,14,15,11,1,3,2,0,0,0,108,12,0,3,0%,0,4,0,0,3,0,0,0,0,0,0,0,0,0,1,0,0%,0,0,0,0,0,0,0,0,0
Matt Ritchie,Midfielder,13,0,0,5,60%,0,0,1,5,5,0,5,6,9,0,0,3,0,0,0,86,6.6,0,7,0%,0,0,1,0,2,0,1,0,1,0,0,0.1,0,0,6,4,67%,1,0,0,0,0,0,0,0,0
Andy Robertson,Defender,23,2,22,35,69%,0,3,13,34,14,1,104,59,55,5,14,13,0,0,2,1244,54.1,10,184,30%,0,47,2,0,9,3,3,0,1,2,0,0,0,0,0,0,0%,0,0,0,0,0,0,0,0,0
Antonee Robinson,Defender,37,7,60,93,62%,0,6,80,109,65,2,227,192,169,37,42,27,2,1,6,1629,44,6,132,23%,1,101,6,0,34,3,0,0,0,0,0,0,0,0,0,0,0%,0,0,0,0,0,0,0,0,0
Rodri,Midfielder,34,0,0,70,61%,0,16,26,40,27,0,235,201,139,42,55,23,0,1,9,3633,106.9,8,12,0%,15,241,8,1,41,6,8,0,5,3,0,0.2,0,0,62,22,35%,2,0,0,0,0,0,0,0,0
Rodrigo Muniz,Forward,26,0,0,7,0%,0,17,6,20,19,0,0,0,0,0,0,0,0,0,1,219,8.4,2,2,0%,0,0,1,0,24,4,9,2,7,0,3,0.4,0,0,73,27,37%,4,0,0,0,0,0,0,0,0
Jay Rodríguez,Forward,21,0,0,14,0%,0,6,1,7,2,0,0,0,0,0,0,0,0,0,1,215,10.2,0,1,0%,0,0,0,0,18,7,2,1,1,0,1,0.1,1,0,22,8,36%,6,0,0,0,0,0,0,0,0
Mads Roerslev,Defender,34,4,40,48,65%,1,2,19,61,26,0,82,88,94,11,15,27,0,0,2,605,17.8,3,62,39%,1,22,1,0,10,3,1,0,1,0,0,0,0,0,0,0,0%,0,0,0,0,0,0,0,0,0
Morgan Rogers,Forward,11,0,0,8,0%,0,3,3,8,6,0,0,0,0,0,0,0,0,0,1,188,17.1,1,2,0%,0,0,3,0,12,0,3,0,2,1,0,0.3,0,0,11,5,45%,1,0,0,0,0,0,0,0,0
Cristian Romero,Defender,33,7,42,66,61%,3,4,44,100,57,1,189,182,86,5,90,39,1,0,0,2586,78.4,1,3,0%,6,60,7,1,31,1,5,3,2,0,2,0,0,0,0,0,0%,0,0,0,0,0,0,0,0,0
Joe Rothwell,Midfielder,11,0,0,7,29%,0,1,3,2,0,0,32,16,18,7,0,2,0,0,0,202,18.4,0,12,17%,0,3,0,0,4,0,0,0,0,0,1,0,0,0,2,0,0%,0,0,0,0,0,0,0,0,0
Rúben Dias,Defender,30,9,28,39,51%,0,6,30,75,32,2,108,101,79,0,47,43,1,0,0,2608,86.9,1,13,31%,2,84,0,0,23,0,0,0,0,0,1,0,0,0,0,0,0%,0,0,0,0,0,0,0,0,0
Bukayo Saka,Forward,35,0,0,66,0%,0,44,15,19,6,0,0,0,0,0,0,0,0,0,9,1310,37.4,15,181,0%,0,0,4,0,41,8,16,1,4,11,3,0.5,6,0,108,37,34%,11,0,0,0,0,0,0,0,0
William Saliba,Defender,38,18,29,41,63%,4,4,29,78,46,0,213,139,94,10,72,49,0,0,1,2839,74.7,0,3,33%,3,68,4,0,22,0,2,2,0,0,0,0,0,0,0,0,0%,0,0,0,0,0,0,0,0,0
Albert Sambi Lokonga,Midfielder,17,0,0,29,62%,0,4,11,14,2,0,64,82,52,11,16,9,0,0,3,740,43.5,2,13,8%,5,41,4,0,18,0,1,1,0,0,0,0.1,0,0,8,2,25%,0,0,0,0,0,0,0,0,0
Robert Sánchez,Goalkeeper,16,3,25,0,0%,0,0,0,0,0,0,0,0,0,0,0,0,0,1,0,520,32.5,0,0,0%,0,85,2,0,0,0,0,0,0,0,0,0,0,0,0,0,0%,0,53,1,2,17,2,13,87,91
Ibrahim Sangaré,Midfielder,17,0,0,42,55%,0,3,16,19,8,0,70,65,69,6,9,16,0,0,0,419,24.7,0,2,0%,3,23,6,0,22,2,0,0,0,0,0,0,0,0,8,0,0%,1,0,0,0,0,0,0,0,0
Pablo Sarabia,Midfielder,30,0,0,20,65%,0,15,10,6,3,0,90,69,110,17,7,22,0,0,7,829,27.6,9,131,29%,9,33,5,0,21,9,4,1,0,3,0,0.1,2,0,46,18,39%,4,0,0,0,0,0,0,0,0
Kevin Schade,Midfielder,11,0,0,3,33%,0,1,1,4,3,0,23,28,44,2,17,14,0,0,1,88,8,2,5,40%,1,0,0,0,10,2,2,0,2,0,1,0.2,0,0,8,4,50%,2,0,0,0,0,0,0,0,0
Fabian Schär,Defender,36,8,58,42,57%,1,12,36,131,50,1,174,150,149,13,70,72,0,0,1,2106,58.5,2,8,38%,6,185,5,0,38,0,4,1,3,0,0,0,0,0,0,0,0%,0,0,0,0,0,0,0,0,0
Jeffrey Schlupp,Midfielder,29,0,0,38,63%,0,4,8,18,12,0,54,92,93,17,22,17,0,0,2,323,11.1,2,10,20%,0,6,1,0,24,0,2,0,0,2,0,0.1,0,0,19,11,58%,1,0,0,0,0,0,0,0,0
Alex Scott,Midfielder,23,0,0,24,63%,0,5,12,17,9,0,63,76,89,13,17,22,0,1,1,432,18.8,4,36,19%,2,15,3,0,20,1,1,0,0,1,0,0,0,0,15,4,27%,0,0,0,0,0,0,0,0,0
Matz Sels,Goalkeeper,16,1,27,0,0%,0,0,0,0,0,0,0,0,0,0,0,0,0,1,0,325,20.3,0,0,0%,0,85,1,0,0,0,0,0,0,0,0,0,0,0,0,0,0%,0,38,0,6,11,1,3,51,93
Antoine Semenyo,Forward,33,0,0,24,0%,0,20,6,20,14,0,0,0,0,0,0,0,0,0,2,587,17.8,6,45,0%,0,0,6,0,43,3,8,0,4,4,1,0.2,0,0,70,31,44%,5,0,0,0,0,0,0,0,0
Marcos Senesi,Defender,31,4,44,55,58%,2,0,35,105,51,0,164,114,131,11,41,41,0,0,5,1259,40.6,2,25,44%,4,125,13,0,41,0,4,3,1,0,1,0,0,0,0,0,0%,0,0,0,0,0,0,0,0,0
Luke Shaw,Defender,12,2,13,11,73%,0,0,6,37,19,0,59,34,39,7,13,10,0,0,0,551,45.9,1,33,27%,2,16,6,0,14,0,0,0,0,0,0,0,0,0,0,0,0%,0,0,0,0,0,0,0,0,0
Luis Sinisterra,Forward,20,0,0,23,0%,0,8,8,4,1,0,0,0,0,0,0,0,0,0,2,281,14.1,2,11,0%,0,0,0,0,11,4,2,0,2,0,1,0.1,0,0,27,9,33%,1,0,0,0,0,0,0,0,0
Oliver Skipp,Midfielder,21,0,0,18,67%,0,3,3,6,5,0,36,35,32,2,4,10,0,0,0,373,17.8,0,1,100%,1,14,3,0,8,0,0,0,0,0,0,0,0,0,4,1,25%,1,0,0,0,0,0,0,0,0
Emile Smith Rowe,Midfielder,13,0,0,4,25%,0,4,3,1,0,0,15,12,19,3,3,5,0,0,1,211,16.2,0,1,0%,0,1,0,0,5,0,0,0,0,0,1,0,0,0,15,7,47%,1,0,0,0,0,0,0,0,0
Dominic Solanke,Forward,38,0,0,23,0%,0,31,7,43,33,0,0,0,0,0,0,0,0,0,3,533,14,3,6,0%,0,0,3,0,42,16,19,4,14,1,4,0.5,2,0,109,38,35%,14,0,0,0,0,0,0,0,0
Manor Solomon,Forward,5,0,0,3,0%,0,3,3,1,1,0,0,0,0,0,0,0,0,0,2,85,17,1,5,0%,0,0,1,0,2,1,0,0,0,0,0,0,0,0,7,1,14%,0,0,0,0,0,0,0,0,0
Son Heung-Min,Forward,35,0,0,21,0%,0,22,8,4,1,0,0,0,0,0,0,0,0,0,10,1025,29.3,20,36,0%,0,0,1,0,12,20,17,0,13,4,4,0.5,2,0,85,40,47%,7,0,0,0,0,0,0,0,0
Tomás Soucek,Midfielder,37,0,0,53,66%,0,8,37,107,60,0,151,189,161,4,108,81,0,0,2,947,25.6,4,6,33%,2,31,7,0,41,10,7,1,4,2,1,0.2,0,0,43,15,35%,11,0,0,0,0,0,0,0,0
Jason Steele,Goalkeeper,17,2,34,0,0%,0,0,0,0,0,0,0,0,0,0,0,0,0,0,0,602,35.4,0,0,0%,0,80,0,0,0,0,0,0,0,0,0,0,0,0,0,0,0%,0,43,0,2,7,1,17,69,54
Raheem Sterling,Forward,31,0,0,21,0%,0,14,13,8,6,0,0,0,0,0,0,0,0,0,4,658,21.2,7,59,0%,0,0,7,0,34,10,8,0,5,3,2,0.3,0,1,51,22,43%,11,0,0,0,0,0,0,0,0
John Stones,Defender,16,4,9,2,50%,0,2,10,20,8,0,46,22,22,1,14,5,0,0,0,831,51.9,0,5,0%,0,25,2,0,4,0,1,0,1,0,0,0,0,0,0,0,0%,0,0,0,0,0,0,0,0,0
Dominik Szoboszlai,Midfielder,33,0,0,32,59%,0,23,15,13,5,0,171,97,137,24,14,20,0,0,2,1399,42.4,7,113,25%,3,54,1,0,29,3,3,1,1,1,0,0.1,0,0,60,15,25%,2,0,0,0,0,0,0,0,0
James Tarkowski,Defender,38,13,51,61,69%,3,5,56,186,107,1,186,242,147,16,145,62,0,1,1,1525,40.1,5,6,50%,1,159,11,0,45,1,1,1,0,0,1,0,0,0,0,0,0%,0,0,0,0,0,0,0,0,0
Marcus Tavernier,Midfielder,30,0,0,53,64%,0,16,5,19,8,0,142,132,169,44,13,31,0,0,4,760,25.3,7,116,21%,3,26,3,0,20,3,3,0,0,3,1,0.1,0,0,53,16,30%,3,0,0,0,0,0,0,0,0
Charlie Taylor,Defender,28,2,46,35,57%,0,4,19,67,34,0,106,101,91,9,41,38,0,0,1,1042,37.2,4,71,20%,0,51,8,0,20,2,1,0,0,1,0,0,0,0,0,0,0%,0,0,0,0,0,0,0,0,0
Kenny Tete,Defender,14,2,21,27,63%,0,0,16,31,14,0,45,53,40,9,5,5,0,0,0,422,30.1,0,23,30%,1,15,2,0,16,0,1,0,1,0,1,0,0,0,0,0,0%,0,0,0,0,0,0,0,0,0
Thiago Silva,Defender,31,6,45,29,52%,1,5,26,150,74,0,140,90,51,2,53,27,0,1,1,2279,73.5,3,4,25%,0,96,4,0,10,1,3,2,1,0,1,0,0,0,0,0,0%,0,0,0,0,0,0,0,0,0
Youri Tielemans,Midfielder,32,0,0,41,49%,0,5,15,8,4,0,97,98,86,15,13,9,0,0,6,907,28.3,5,31,6%,17,36,3,0,22,0,2,0,2,0,2,0.1,0,0,14,6,43%,1,0,0,0,0,0,0,0,0
Harry Toffolo,Defender,23,1,29,26,54%,0,1,14,44,21,0,57,54,48,1,25,15,0,0,3,446,19.4,3,47,34%,0,17,3,0,17,0,1,1,0,0,0,0,0,0,0,0,0%,0,0,0,0,0,0,0,0,0
Takehiro Tomiyasu,Defender,22,3,10,20,45%,0,6,18,30,16,0,54,57,50,4,26,20,0,0,1,608,27.6,0,14,36%,2,16,0,1,14,1,2,0,2,0,0,0,0,0,0,0,0%,0,0,0,0,0,0,0,0,0
Sandro Tonali,Midfielder,8,0,0,7,100%,0,1,2,4,2,0,20,17,19,3,1,0,0,0,0,267,33.4,0,11,36%,0,7,2,0,9,0,1,0,1,0,0,0.1,0,0,3,2,67%,1,0,0,0,0,0,0,0,0
Ivan Toney,Forward,17,0,0,15,0%,0,11,10,17,14,0,0,0,0,0,0,0,0,0,2,388,22.8,3,22,0%,0,0,5,0,24,7,4,0,4,0,1,0.2,0,1,51,22,43%,11,0,0,0,0,0,0,0,0
Pau Torres,Defender,29,6,37,29,62%,0,3,14,74,30,2,127,79,76,17,23,22,0,0,0,1770,61,1,8,38%,1,85,1,0,18,2,2,1,0,1,0,0,0,0,0,0,0%,0,0,0,0,0,0,0,0,0
Toti Gomes,Defender,35,4,49,44,57%,0,2,26,87,41,3,136,136,91,23,56,32,0,0,3,1713,48.9,2,13,8%,1,46,7,0,38,2,1,1,0,0,0,0,0,0,0,0,0%,0,0,0,0,0,0,0,0,0
Andros Townsend,Midfielder,27,0,0,21,62%,0,9,5,9,2,0,68,49,76,16,0,10,0,0,3,349,12.9,2,74,23%,1,15,1,0,13,2,1,1,0,0,0,0,0,0,20,7,35%,0,0,0,0,0,0,0,0,0
James Trafford,Goalkeeper,28,2,62,0,0%,0,0,0,0,0,0,0,0,0,0,0,0,0,1,0,1368,48.9,0,0,0%,0,182,2,0,0,0,0,0,0,0,0,0,0,0,0,0,0%,0,106,0,20,25,2,20,162,198
Mike Trésor,Forward,16,0,0,10,0%,0,1,1,1,1,0,0,0,0,0,0,0,0,0,0,146,9.1,1,32,0%,0,0,0,0,0,2,0,0,0,0,0,0,0,0,5,0,0%,1,0,0,0,0,0,0,0,0
Kieran Trippier,Defender,28,4,43,57,47%,1,2,24,47,31,0,162,125,99,16,31,17,0,2,10,1714,61.2,13,212,33%,1,79,5,0,27,3,1,0,0,1,2,0,0,0,0,0,0%,0,0,0,0,0,0,0,0,0
Leandro Trossard,Forward,34,0,0,27,0%,0,19,8,5,4,0,0,0,0,0,0,0,0,0,1,606,17.8,3,57,0%,0,0,2,0,15,9,12,1,7,4,1,0.4,0,0,60,22,37%,7,0,0,0,0,0,0,0,0
Auston Trusty,Defender,32,1,81,47,64%,3,1,35,145,82,1,89,127,104,6,63,51,0,1,0,846,26.4,3,5,40%,0,38,4,0,23,3,0,0,0,0,1,0,0,0,0,0,0%,0,0,0,0,0,0,0,0,0
Kostas Tsimikas,Defender,13,3,7,19,68%,0,1,6,9,4,0,43,33,44,4,4,14,0,0,3,360,27.7,2,72,26%,0,12,0,0,11,1,0,0,0,0,0,0,0,0,0,0,0%,0,0,0,0,0,0,0,0,0
Matt Turner,Goalkeeper,17,2,28,0,0%,0,0,0,0,0,0,0,0,0,0,0,0,0,3,0,473,27.8,0,0,0%,0,138,2,0,0,0,0,0,0,0,0,0,0,0,0,0,0%,0,55,0,5,28,2,9,99,136
Destiny Udogie,Defender,28,2,40,68,49%,1,2,37,67,40,0,169,150,151,24,22,27,0,3,3,1214,43.4,3,22,5%,0,7,5,1,51,3,2,0,0,2,0,0,0,0,0,0,0%,0,0,0,0,0,0,0,0,0
Lesley Ugochukwu,Midfielder,12,0,0,14,71%,0,0,1,5,3,0,12,28,15,3,9,2,0,0,0,183,15.3,0,0,0%,0,5,2,0,4,0,0,0,0,0,0,0,0,0,0,0,0%,0,0,0,0,0,0,0,0,0
Enes Ünal,Forward,16,0,0,6,0%,0,5,1,6,3,0,0,0,0,0,0,0,0,0,2,72,4.5,2,3,0%,0,0,1,0,10,6,2,1,1,0,0,0.1,0,0,23,11,48%,6,0,0,0,0,0,0,0,0
Micky van de Ven,Defender,27,5,38,49,71%,4,1,18,71,34,1,144,119,84,15,38,41,0,0,0,1783,66,0,3,0%,0,41,5,0,13,1,3,0,0,3,0,0,0,0,0,0,0%,0,0,0,0,0,0,0,0,0
Virgil van Dijk,Defender,36,9,40,40,57%,3,10,39,142,68,1,170,195,63,2,140,32,0,0,2,2872,79.8,3,0,0%,0,156,3,1,23,1,2,1,1,0,2,0,0,0,0,0,0%,0,0,0,0,0,0,0,0,0
Jan Paul van Hecke,Defender,28,5,38,47,55%,1,4,30,74,42,0,130,135,71,5,66,34,0,1,0,2399,85.7,0,4,25%,3,88,4,0,14,0,0,0,0,0,1,0,0,0,0,0,0%,0,0,0,0,0,0,0,0,0
Raphaël Varane,Defender,22,3,23,18,61%,1,2,15,86,42,0,67,43,20,1,21,5,0,0,0,774,35.2,0,0,0%,1,29,2,0,8,2,1,1,0,0,0,0,0,0,0,0,0%,0,0,0,0,0,0,0,0,0
Alejo Véliz,Forward,8,0,0,1,0%,0,1,0,0,0,0,0,0,0,0,0,0,0,0,0,10,1.3,0,0,0%,0,0,1,0,0,3,1,0,1,0,0,0.1,0,0,2,1,50%,0,0,0,0,0,0,0,0,0
Joël Veltman,Defender,27,2,32,54,76%,0,0,18,52,21,0,76,125,69,1,29,21,0,1,1,810,30,1,11,0%,2,30,4,0,17,1,1,0,1,0,0,0,0,0,0,0,0%,0,0,0,0,0,0,0,0,0
Bart Verbruggen,Goalkeeper,21,4,28,0,0%,0,0,0,0,0,0,0,0,0,0,0,0,0,2,0,743,35.4,0,0,0%,0,91,3,0,1,0,0,0,0,0,0,0,0,0,0,0,0%,0,65,0,6,17,5,11,117,72
Guglielmo Vicario,Goalkeeper,38,7,61,0,0%,0,0,0,0,0,0,0,0,0,0,0,0,0,0,0,1371,36.1,0,0,0%,0,85,2,0,0,0,0,0,0,0,0,0,0,0,0,0,0%,0,110,0,15,30,2,31,193,201
Vinicius Souza,Midfielder,36,0,0,125,61%,0,4,32,75,49,0,153,220,152,17,67,41,0,0,0,979,27.2,0,10,20%,0,39,3,0,48,2,1,0,1,0,0,0,0,0,14,6,43%,0,0,0,0,0,0,0,0,0
Vitinho,Defender,32,2,44,64,53%,1,12,12,43,16,0,109,136,143,25,20,22,0,1,2,756,23.6,1,56,9%,4,26,1,0,27,6,0,0,0,0,0,0,0,0,0,0,0%,0,0,0,0,0,0,0,0,0
Odysseas Vlachodimos,Goalkeeper,5,1,12,0,0%,0,0,0,0,0,0,0,0,0,0,0,0,0,0,0,153,30.6,0,0,0%,0,33,0,0,0,0,0,0,0,0,0,0,0,0,0,0,0%,0,10,0,4,2,0,0,21,44
Kyle Walker,Defender,32,6,29,38,63%,1,7,27,35,18,0,152,102,81,21,26,15,0,0,4,2136,66.8,7,59,32%,6,78,2,0,23,7,0,0,0,0,0,0,0,0,0,0,0%,0,0,0,0,0,0,0,0,0
Aaron Wan-Bissaka,Defender,22,3,34,42,60%,1,2,41,54,22,0,94,89,61,17,21,19,0,0,2,832,37.8,1,14,29%,0,13,4,0,17,0,0,0,0,0,0,0,0,0,0,0,0%,0,0,0,0,0,0,0,0,0
Joel Ward,Defender,26,4,34,45,62%,0,3,14,84,51,0,94,104,94,8,45,49,1,0,1,800,30.8,0,22,14%,1,38,4,0,22,0,0,0,0,0,0,0,0,0,0,0,0%,0,0,0,0,0,0,0,0,0
James Ward-Prowse,Midfielder,37,0,0,45,64%,0,13,38,44,23,0,145,102,100,11,26,33,0,0,7,1472,39.8,12,189,34%,2,50,4,0,24,0,7,1,5,1,1,0.2,2,0,44,18,41%,1,0,0,0,0,0,0,0,0
Ollie Watkins,Forward,37,0,0,12,0%,0,21,4,19,15,0,0,0,0,0,0,0,0,0,13,590,16,11,13,0%,0,0,4,0,22,16,19,5,10,4,5,0.5,0,0,107,47,44%,22,0,0,0,0,0,0,0,0
Adam Webster,Defender,15,1,22,14,86%,0,3,16,41,21,0,63,50,38,0,33,13,1,1,0,1086,72.4,0,1,0%,1,35,2,0,9,0,0,0,0,0,0,0,0,0,0,0,0%,0,0,0,0,0,0,0,0,0
Danny Welbeck,Forward,29,0,0,35,0%,0,10,9,17,10,0,0,0,0,0,0,0,0,0,1,506,17.5,3,3,0%,0,0,4,0,12,9,5,1,2,2,1,0.2,0,0,41,16,39%,10,0,0,0,0,0,0,0,0
Timo Werner,Forward,13,0,0,7,0%,0,11,3,1,0,0,0,0,0,0,0,0,0,0,3,323,24.9,3,28,0%,0,0,1,0,3,12,2,0,2,0,1,0.2,0,0,29,7,24%,5,0,0,0,0,0,0,0,0
Adam Wharton,Midfielder,16,0,0,48,67%,0,3,20,24,8,0,76,79,66,3,8,12,0,1,3,563,35.2,5,25,32%,3,28,2,0,18,0,0,0,0,0,0,0,0,0,10,1,10%,0,0,0,0,0,0,0,0,0
Ben White,Defender,37,13,26,48,58%,0,1,32,67,39,0,120,105,92,9,36,22,0,0,4,1911,51.7,7,57,23%,5,51,8,0,19,11,4,1,1,2,0,0,0,0,0,0,0%,0,0,0,0,0,0,0,0,0
Willian,Forward,31,0,0,18,0%,0,17,9,10,7,0,0,0,0,0,0,0,0,0,2,1059,34.2,6,75,0%,0,0,1,0,9,1,4,0,4,0,0,0.1,2,0,45,18,40%,3,0,0,0,0,0,0,0,0
Joe Willock,Midfielder,9,0,0,13,54%,0,1,1,1,1,0,26,24,28,7,1,1,0,0,0,153,17,0,6,17%,1,9,0,0,3,1,1,1,0,0,0,0.1,0,0,7,4,57%,1,0,0,0,0,0,0,0,0
Harry Wilson,Midfielder,35,0,0,21,67%,0,11,10,11,5,0,78,81,72,15,5,6,0,0,6,582,16.6,5,42,29%,3,29,6,0,21,5,4,0,0,4,2,0.1,0,0,40,13,33%,2,0,0,0,0,0,0,0,0
Yoane Wissa,Midfielder,34,0,0,28,57%,0,15,9,13,12,0,99,137,141,20,38,49,0,0,3,440,12.9,7,21,24%,3,12,7,0,38,20,12,0,8,4,2,0.4,0,0,67,26,39%,12,0,0,0,0,0,0,0,0
Chris Wood,Forward,31,0,0,7,0%,0,7,1,26,19,0,0,0,0,0,0,0,0,0,1,431,13.9,3,2,0%,0,0,0,0,22,7,14,5,4,5,2,0.5,0,0,48,26,54%,12,0,0,0,0,0,0,0,0
Cauley Woodrow,Forward,24,0,0,16,0%,0,5,1,13,9,0,0,0,0,0,0,0,0,0,1,139,5.8,2,10,0%,0,0,2,0,8,2,1,1,0,0,1,0,0,0,16,4,25%,0,0,0,0,0,0,0,0,0
Joe Worrall,Defender,7,1,8,7,71%,0,0,3,31,16,0,18,21,16,0,12,10,0,0,0,161,23,0,0,0%,0,12,0,1,3,0,0,0,0,0,0,0,0,0,0,0,0%,0,0,0,0,0,0,0,0,0
Yehor Yarmoliuk,Midfielder,27,0,0,17,65%,0,3,6,5,2,0,50,49,47,17,9,10,0,0,0,282,10.4,0,14,7%,0,9,2,0,12,1,0,0,0,0,0,0,0,0,11,5,45%,2,0,0,0,0,0,0,0,0
Ryan Yates,Midfielder,35,0,0,66,59%,0,11,21,39,11,0,110,168,119,4,43,38,0,0,1,817,23.3,2,6,17%,2,29,6,0,54,2,1,0,1,0,1,0,0,0,32,7,22%,2,0,0,0,0,0,0,0,0
Ashley Young,Defender,31,6,32,53,72%,0,6,22,45,24,1,120,108,114,12,19,32,1,3,0,775,25,2,100,24%,2,48,5,1,33,1,0,0,0,0,0,0,0,0,0,0,0%,0,0,0,0,0,0,0,0,0
Youssef Chermiti,Forward,18,0,0,3,0%,0,2,1,2,1,0,0,0,0,0,0,0,0,0,0,58,3.2,2,0,0%,0,0,3,0,11,6,0,0,0,0,0,0,0,0,7,2,29%,1,0,0,0,0,0,0,0,0
Illia Zabarnyi,Defender,37,8,67,59,54%,1,2,33,138,61,0,153,167,115,9,77,61,0,1,0,1802,48.7,0,1,0%,2,131,5,0,24,0,1,1,0,0,0,0,0,0,0,0,0%,0,0,0,0,0,0,0,0,0
Nicolò Zaniolo,Midfielder,25,0,0,19,47%,0,10,1,11,8,0,36,60,112,13,7,14,0,0,0,208,8.3,0,18,0%,0,3,7,0,24,0,2,1,0,1,0,0.1,0,0,27,10,37%,3,0,0,0,0,0,0,0,0
Zanka,Defender,14,2,24,17,71%,0,2,12,38,22,1,67,52,44,3,27,23,0,0,0,521,37.2,2,8,13%,1,26,4,0,11,3,1,0,0,1,1,0,0,0,0,0,0%,0,0,0,0,0,0,0,0,0
Anass Zaroury,Forward,6,0,0,1,0%,0,1,0,1,0,0,0,0,0,0,0,0,0,0,0,59,9.8,0,11,0%,0,0,0,1,4,0,0,0,0,0,0,0,0,0,3,1,33%,0,0,0,0,0,0,0,0,0
Oleksandr Zinchenko,Defender,27,3,15,50,60%,0,10,20,22,10,1,104,93,60,7,27,16,0,1,2,1411,52.3,5,30,17%,11,53,2,0,7,1,1,0,0,1,0,0,0,0,0,0,0%,0,0,0,0,0,0,0,0,0
Kurt Zouma,Defender,33,3,63,23,74%,1,4,29,158,73,0,95,89,76,2,58,43,0,0,0,1143,34.6,0,0,0%,1,69,3,0,24,0,3,3,0,0,0,0,0,0,0,0,0%,0,0,0,0,0,0,0,0,0
Martin Ødegaard,Midfielder,35,0,0,49,35%,0,30,15,5,3,0,158,125,176,37,3,9,0,0,10,1900,54.3,17,77,39%,39,45,2,0,30,3,8,0,0,8,0,0.2,2,0,77,23,30%,4,0,0,0,0,0,0,0,0
